# Index, Wavelength, , 
0, 321.664859469339490
1, 321.771379731252690
2, 321.877907755246330
3, 321.984443539147210
4, 322.090987080782270
5, 322.197538377978160
6, 322.304097428561760
7, 322.410664230359940
8, 322.517238781199410
9, 322.623821078906990
10, 322.730411121309540
11, 322.837008906233850
12, 322.943614431506770
13, 323.050227694955030
14, 323.156848694405480
15, 323.263477427684960
16, 323.370113892620280
17, 323.476758087038150
18, 323.583410008765500
19, 323.690069655629090
20, 323.796737025455740
21, 323.903412116072220
22, 324.010094925305400
23, 324.116785450982090
24, 324.223483690929070
25, 324.330189642973100
26, 324.436903304941100
27, 324.543624674659840
28, 324.650353749956080
29, 324.757090528656700
30, 324.863835008588470
31, 324.970587187578190
32, 325.077347063452690
33, 325.184114634038790
34, 325.290889897163250
35, 325.397672850653010
36, 325.504463492334710
37, 325.611261820035280
38, 325.718067831581490
39, 325.824881524800160
40, 325.931702897518050
41, 326.038531947562090
42, 326.145368672758930
43, 326.252213070935510
44, 326.359065139918580
45, 326.465924877534970
46, 326.572792281611500
47, 326.679667349974980
48, 326.786550080452170
49, 326.893440470869900
50, 327.000338519055050
51, 327.107244222834310
52, 327.214157580034620
53, 327.321078588482690
54, 327.428007246005390
55, 327.534943550429490
56, 327.641887499581860
57, 327.748839091289260
58, 327.855798323378450
59, 327.962765193676380
60, 328.069739700009730
61, 328.176721840205350
62, 328.283711612090090
63, 328.390709013490780
64, 328.497714042234120
65, 328.604726696147000
66, 328.711746973056170
67, 328.818774870788560
68, 328.925810387170830
69, 329.032853520029900
70, 329.139904267192550
71, 329.246962626485580
72, 329.354028595735830
73, 329.461102172770040
74, 329.568183355415100
75, 329.675272141497770
76, 329.782368528844870
77, 329.889472515283270
78, 329.996584098639690
79, 330.103703276740990
80, 330.210830047413940
81, 330.317964408485410
82, 330.425106357782170
83, 330.532255893131040
84, 330.639413012358770
85, 330.746577713292310
86, 330.853749993758360
87, 330.960929851583780
88, 331.068117284595360
89, 331.175312290619900
90, 331.282514867484220
91, 331.389725013015150
92, 331.496942725039500
93, 331.604168001384040
94, 331.711400839875580
95, 331.818641238341000
96, 331.925889194607070
97, 332.033144706500540
98, 332.140407771848340
99, 332.247678388477200
100, 332.354956554213910
101, 332.462242266885310
102, 332.569535524318270
103, 332.676836324339550
104, 332.784144664775910
105, 332.891460543454230
106, 332.998783958201330
107, 333.106114906843970
108, 333.213453387208970
109, 333.320799397123150
110, 333.428152934413330
111, 333.535513996906270
112, 333.642882582428910
113, 333.750258688807890
114, 333.857642313870140
115, 333.965033455442440
116, 334.072432111351590
117, 334.179838279424360
118, 334.287251957487680
119, 334.394673143368210
120, 334.502101834892870
121, 334.609538029888430
122, 334.716981726181700
123, 334.824432921599510
124, 334.931891613968670
125, 335.039357801115950
126, 335.146831480868230
127, 335.254312651052260
128, 335.361801309494810
129, 335.469297454022810
130, 335.576801082463020
131, 335.684312192642210
132, 335.791830782387190
133, 335.899356849524850
134, 336.006890391881940
135, 336.114431407285280
136, 336.221979893561640
137, 336.329535848537940
138, 336.437099270040900
139, 336.544670155897340
140, 336.652248503934060
141, 336.759834311977950
142, 336.867427577855720
143, 336.975028299394240
144, 337.082636474420330
145, 337.190252100760740
146, 337.297875176242310
147, 337.405505698691850
148, 337.513143665936240
149, 337.620789075802180
150, 337.728441926116490
151, 337.836102214706100
152, 337.943769939397670
153, 338.051445098018120
154, 338.159127688394220
155, 338.266817708352730
156, 338.374515155720590
157, 338.482220028324430
158, 338.589932323991260
159, 338.697652040547720
160, 338.805379175820750
161, 338.913113727637040
162, 339.020855693823480
163, 339.128605072206880
164, 339.236361860614010
165, 339.344126056871740
166, 339.451897658806840
167, 339.559676664246070
168, 339.667463071016360
169, 339.775256876944410
170, 339.883058079857110
171, 339.990866677581210
172, 340.098682667943540
173, 340.206506048770960
174, 340.314336817890190
175, 340.422174973128110
176, 340.530020512311520
177, 340.637873433267200
178, 340.745733733821960
179, 340.853601411802630
180, 340.961476465036070
181, 341.069358891349000
182, 341.177248688568280
183, 341.285145854520690
184, 341.393050387033100
185, 341.500962283932270
186, 341.608881543044960
187, 341.716808162198110
188, 341.824742139218470
189, 341.932683471932820
190, 342.040632158167970
191, 342.148588195750790
192, 342.256551582508050
193, 342.364522316266520
194, 342.472500394853110
195, 342.580485816094550
196, 342.688478577817700
197, 342.796478677849340
198, 342.904486114016270
199, 343.012500884145310
200, 343.120522986063290
201, 343.228552417597030
202, 343.336589176573280
203, 343.444633260818880
204, 343.552684668160680
205, 343.660743396425460
206, 343.768809443440030
207, 343.876882807031170
208, 343.984963485025730
209, 344.093051475250550
210, 344.201146775532380
211, 344.309249383698050
212, 344.417359297574360
213, 344.525476514988160
214, 344.633601033766180
215, 344.741732851735320
216, 344.849871966722390
217, 344.958018376554090
218, 345.066172079057370
219, 345.174333072058910
220, 345.282501353385670
221, 345.390676920864280
222, 345.498859772321740
223, 345.607049905584690
224, 345.715247318480070
225, 345.823452008834580
226, 345.931663974475160
227, 346.039883213228510
228, 346.148109722921450
229, 346.256343501380850
230, 346.364584546433490
231, 346.472832855906180
232, 346.581088427625730
233, 346.689351259418970
234, 346.797621349112660
235, 346.905898694533680
236, 347.014183293508780
237, 347.122475143864790
238, 347.230774243428470
239, 347.339080590026750
240, 347.447394181486350
241, 347.555715015634120
242, 347.664043090296840
243, 347.772378403301330
244, 347.880720952474460
245, 347.989070735642940
246, 348.097427750633590
247, 348.205791995273330
248, 348.314163467388820
249, 348.422542164807000
250, 348.530928085354620
251, 348.639321226858500
252, 348.747721587145410
253, 348.856129164042270
254, 348.964543955375750
255, 349.072965958972760
256, 349.181395172660070
257, 349.289831594264510
258, 349.398275221612890
259, 349.506726052532030
260, 349.615184084848690
261, 349.723649316389700
262, 349.832121744981920
263, 349.940601368452060
264, 350.049088184627070
265, 350.157582191333630
266, 350.266083386398630
267, 350.374591767648840
268, 350.483107332911060
269, 350.591630080012180
270, 350.700160006778900
271, 350.808697111038160
272, 350.917241390616650
273, 351.025792843341210
274, 351.134351467038700
275, 351.242917259535890
276, 351.351490218659590
277, 351.460070342236630
278, 351.568657628093770
279, 351.677252074057890
280, 351.785853677955800
281, 351.894462437614210
282, 352.003078350860050
283, 352.111701415520090
284, 352.220331629421080
285, 352.328968990389970
286, 352.437613496253390
287, 352.546265144838290
288, 352.654923933971420
289, 352.763589861479600
290, 352.872262925189660
291, 352.980943122928350
292, 353.089630452522560
293, 353.198324911799090
294, 353.307026498584660
295, 353.415735210706200
296, 353.524451045990470
297, 353.633174002264240
298, 353.741904077354380
299, 353.850641269087650
300, 353.959385575290920
301, 354.068136993790970
302, 354.176895522414610
303, 354.285661158988600
304, 354.394433901339820
305, 354.503213747295090
306, 354.612000694681170
307, 354.720794741324880
308, 354.829595885053100
309, 354.938404123692520
310, 355.047219455070040
311, 355.156041877012400
312, 355.264871387346490
313, 355.373707983899070
314, 355.482551664497010
315, 355.591402426967020
316, 355.700260269135980
317, 355.809125188830650
318, 355.917997183877900
319, 356.026876252104560
320, 356.135762391337320
321, 356.244655599403130
322, 356.353555874128690
323, 356.462463213340870
324, 356.571377614866490
325, 356.680299076532320
326, 356.789227596165180
327, 356.898163171591930
328, 357.007105800639290
329, 357.116055481134140
330, 357.225012210903290
331, 357.333975987773500
332, 357.442946809571590
333, 357.551924674124450
334, 357.660909579258770
335, 357.769901522801490
336, 357.878900502579310
337, 357.987906516419060
338, 358.096919562147600
339, 358.205939637591770
340, 358.314966740578260
341, 358.424000868933940
342, 358.533042020485650
343, 358.642090193060140
344, 358.751145384484290
345, 358.860207592584860
346, 358.969276815188660
347, 359.078353050122530
348, 359.187436295213270
349, 359.296526548287720
350, 359.405623807172620
351, 359.514728069694850
352, 359.623839333681130
353, 359.732957596958390
354, 359.842082857353380
355, 359.951215112692860
356, 360.060354360803730
357, 360.169500599512730
358, 360.278653826646750
359, 360.387814040032480
360, 360.496981237496870
361, 360.606155416866610
362, 360.715336575968590
363, 360.824524712629570
364, 360.933719824676420
365, 361.042921909935900
366, 361.152130966234840
367, 361.261346991400050
368, 361.370569983258290
369, 361.479799939636450
370, 361.589036858361280
371, 361.698280737259670
372, 361.807531574158360
373, 361.916789366884130
374, 362.026054113263910
375, 362.135325811124400
376, 362.244604458292430
377, 362.353890052594860
378, 362.463182591858410
379, 362.572482073910010
380, 362.681788496576420
381, 362.791101857684400
382, 362.900422155060820
383, 363.009749386532460
384, 363.119083549926130
385, 363.228424643068710
386, 363.337772663786890
387, 363.447127609907570
388, 363.556489479257550
389, 363.665858269663600
390, 363.775233978952540
391, 363.884616604951250
392, 363.994006145486420
393, 364.103402598384950
394, 364.212805961473630
395, 364.322216232579250
396, 364.431633409528670
397, 364.541057490148660
398, 364.650488472266030
399, 364.759926353707560
400, 364.869371132300100
401, 364.978822805870550
402, 365.088281372245550
403, 365.197746829251970
404, 365.307219174716690
405, 365.416698406466480
406, 365.526184522328090
407, 365.635677520128410
408, 365.745177397694250
409, 365.854684152852310
410, 365.964197783429540
411, 366.073718287252690
412, 366.183245662148580
413, 366.292779905944030
414, 366.402321016465810
415, 366.511868991540720
416, 366.621423828995660
417, 366.730985526657320
418, 366.840554082352640
419, 366.950129493908320
420, 367.059711759151240
421, 367.169300875908220
422, 367.278896842005960
423, 367.388499655271400
424, 367.498109313531300
425, 367.607725814612420
426, 367.717349156341700
427, 367.826979336545780
428, 367.936616353051590
429, 368.046260203685960
430, 368.155910886275590
431, 368.265568398647360
432, 368.375232738628090
433, 368.484903904044590
434, 368.594581892723570
435, 368.704266702492020
436, 368.813958331176590
437, 368.923656776604160
438, 369.033362036601550
439, 369.143074108995560
440, 369.252792991612980
441, 369.362518682280670
442, 369.472251178825330
443, 369.581990479073910
444, 369.691736580853100
445, 369.801489481989850
446, 369.911249180310850
447, 370.021015673642920
448, 370.130788959812890
449, 370.240569036647630
450, 370.350355901973840
451, 370.460149553618410
452, 370.569949989408140
453, 370.679757207169810
454, 370.789571204730290
455, 370.899391979916350
456, 371.009219530554790
457, 371.119053854472380
458, 371.228894949496010
459, 371.338742813452480
460, 371.448597444168570
461, 371.558458839471090
462, 371.668326997186910
463, 371.778201915142740
464, 371.888083591165470
465, 371.997972023081900
466, 372.107867208718800
467, 372.217769145902990
468, 372.327677832461350
469, 372.437593266220570
470, 372.547515445007550
471, 372.657444366649090
472, 372.767380028972010
473, 372.877322429803030
474, 372.987271566969070
475, 373.097227438296900
476, 373.207190041613330
477, 373.317159374745190
478, 373.427135435519230
479, 373.537118221762280
480, 373.647107731301220
481, 373.757103961962800
482, 373.867106911573840
483, 373.977116577961170
484, 374.087132958951540
485, 374.197156052371840
486, 374.307185856048820
487, 374.417222367809300
488, 374.527265585480110
489, 374.637315506888060
490, 374.747372129859970
491, 374.857435452222600
492, 374.967505471802840
493, 375.077582186427430
494, 375.187665593923210
495, 375.297755692116990
496, 375.407852478835590
497, 375.517955951905780
498, 375.628066109154420
499, 375.738182948408280
500, 375.848306467494180
501, 375.958436664239000
502, 376.068573536469440
503, 376.178717082012330
504, 376.288867298694530
505, 376.399024184342860
506, 376.509187736784100
507, 376.619357953845000
508, 376.729534833352490
509, 376.839718373133340
510, 376.949908571014300
511, 377.060105424822210
512, 377.170308932383930
513, 377.280519091526230
514, 377.390735900075920
515, 377.500959355859780
516, 377.611189456704720
517, 377.721426200437460
518, 377.831669584884820
519, 377.941919607873610
520, 378.052176267230660
521, 378.162439560782840
522, 378.272709486356800
523, 378.382986041779530
524, 378.493269224877740
525, 378.603559033478230
526, 378.713855465407850
527, 378.824158518493390
528, 378.934468190561690
529, 379.044784479439560
530, 379.155107382953760
531, 379.265436898931110
532, 379.375773025198500
533, 379.486115759582620
534, 379.596465099910400
535, 379.706821044008560
536, 379.817183589703920
537, 379.927552734823340
538, 380.037928477193650
539, 380.148310814641550
540, 380.258699744993920
541, 380.369095266077580
542, 380.479497375719350
543, 380.589906071745990
544, 380.700321351984310
545, 380.810743214261150
546, 380.921171656403370
547, 381.031606676237690
548, 381.142048271590970
549, 381.252496440289970
550, 381.362951180161590
551, 381.473412489032570
552, 381.583880364729740
553, 381.694354805079910
554, 381.804835807909850
555, 381.915323371046500
556, 382.025817492316490
557, 382.136318169546770
558, 382.246825400564090
559, 382.357339183195280
560, 382.467859515267150
561, 382.578386394606470
562, 382.688919819040110
563, 382.799459786394830
564, 382.910006294497520
565, 383.020559341174870
566, 383.131118924253770
567, 383.241685041561030
568, 383.352257690923470
569, 383.462836870167850
570, 383.573422577120990
571, 383.684014809609720
572, 383.794613565460850
573, 383.905218842501260
574, 384.015830638557590
575, 384.126448951456780
576, 384.237073779025650
577, 384.347705119090900
578, 384.458342969479470
579, 384.568987328018070
580, 384.679638192533560
581, 384.790295560852770
582, 384.900959430802460
583, 385.011629800209450
584, 385.122306666900560
585, 385.232990028702600
586, 385.343679883442410
587, 385.454376228946780
588, 385.565079063042450
589, 385.675788383556380
590, 385.786504188315230
591, 385.897226475145890
592, 386.007955241875150
593, 386.118690486329850
594, 386.229432206336810
595, 386.340180399722730
596, 386.450935064314540
597, 386.561696197939000
598, 386.672463798422940
599, 386.783237863593110
600, 386.894018391276400
601, 387.004805379299630
602, 387.115598825489540
603, 387.226398727672920
604, 387.337205083676680
605, 387.448017891327590
606, 387.558837148452430
607, 387.669662852878050
608, 387.780495002431220
609, 387.891333594938770
610, 388.002178628227510
611, 388.113030100124260
612, 388.223888008455840
613, 388.334752351049020
614, 388.445623125730660
615, 388.556500330327540
616, 388.667383962666460
617, 388.778274020574260
618, 388.889170501877740
619, 389.000073404403680
620, 389.110982725978940
621, 389.221898464430300
622, 389.332820617584560
623, 389.443749183268550
624, 389.554684159309090
625, 389.665625543533000
626, 389.776573333767030
627, 389.887527527838070
628, 389.998488123572880
629, 390.109455118798280
630, 390.220428511341080
631, 390.331408299028060
632, 390.442394479686070
633, 390.553387051141950
634, 390.664386011222460
635, 390.775391357754420
636, 390.886403088564630
637, 390.997421201479940
638, 391.108445694327090
639, 391.219476564932960
640, 391.330513811124320
641, 391.441557430728040
642, 391.552607421570830
643, 391.663663781479610
644, 391.774726508281110
645, 391.885795599802120
646, 391.996871053869540
647, 392.107952868310120
648, 392.219041040950740
649, 392.330135569618110
650, 392.441236452139090
651, 392.552343686340520
652, 392.663457270049210
653, 392.774577201091860
654, 392.885703477295410
655, 392.996836096486620
656, 393.107975056492250
657, 393.219120355139180
658, 393.330271990254230
659, 393.441429959664160
660, 393.552594261195850
661, 393.663764892676000
662, 393.774941851931540
663, 393.886125136789190
664, 393.997314745075810
665, 394.108510674618170
666, 394.219712923243150
667, 394.330921488777450
668, 394.442136369048000
669, 394.553357561881510
670, 394.664585065104920
671, 394.775818876544860
672, 394.887058994028280
673, 394.998305415381990
674, 395.109558138432700
675, 395.220817161007290
676, 395.332082480932570
677, 395.443354096035360
678, 395.554632004142380
679, 395.665916203080600
680, 395.777206690676680
681, 395.888503464757490
682, 395.999806523149910
683, 396.111115863680600
684, 396.222431484176470
685, 396.333753382464350
686, 396.445081556371010
687, 396.556416003723260
688, 396.667756722347860
689, 396.779103710071750
690, 396.890456964721640
691, 397.001816484124330
692, 397.113182266106720
693, 397.224554308495500
694, 397.335932609117610
695, 397.447317165799750
696, 397.558707976368790
697, 397.670105038651570
698, 397.781508350474840
699, 397.892917909665410
700, 398.004333714050120
701, 398.115755761455720
702, 398.227184049709140
703, 398.338618576637090
704, 398.450059340066450
705, 398.561506337823910
706, 398.672959567736430
707, 398.784419027630690
708, 398.895884715333640
709, 399.007356628671970
710, 399.118834765472510
711, 399.230319123562140
712, 399.341809700767610
713, 399.453306494915750
714, 399.564809503833320
715, 399.676318725347190
716, 399.787834157284180
717, 399.899355797471120
718, 400.010883643734700
719, 400.122417693901810
720, 400.233957945799260
721, 400.345504397253880
722, 400.457057046092470
723, 400.568615890141810
724, 400.680180927228780
725, 400.791752155180060
726, 400.903329571822610
727, 401.014913174983120
728, 401.126502962488420
729, 401.238098932165430
730, 401.349701081840860
731, 401.461309409341480
732, 401.572923912494220
733, 401.684544589125840
734, 401.796171437063090
735, 401.907804454132870
736, 402.019443638161930
737, 402.131088986977150
738, 402.242740498405280
739, 402.354398170273100
740, 402.466062000407530
741, 402.577731986635290
742, 402.689408126783180
743, 402.801090418678090
744, 402.912778860146770
745, 403.024473449016060
746, 403.136174183112760
747, 403.247881060263640
748, 403.359594078295570
749, 403.471313235035320
750, 403.583038528309770
751, 403.694769955945620
752, 403.806507515769790
753, 403.918251205609010
754, 404.030001023290140
755, 404.141756966639950
756, 404.253519033485300
757, 404.365287221652980
758, 404.477061528969780
759, 404.588841953262490
760, 404.700628492357960
761, 404.812421144083030
762, 404.924219906264450
763, 405.036024776729050
764, 405.147835753303640
765, 405.259652833815040
766, 405.371476016090070
767, 405.483305297955550
768, 405.595140677238190
769, 405.706982151764980
770, 405.818829719362550
771, 405.930683377857800
772, 406.042543125077540
773, 406.154408958848530
774, 406.266280876997710
775, 406.378158877351720
776, 406.490042957737500
777, 406.601933115981750
778, 406.713829349911410
779, 406.825731657353170
780, 406.937640036133870
781, 407.049554484080430
782, 407.161474999019500
783, 407.273401578777960
784, 407.385334221182690
785, 407.497272924060380
786, 407.609217685237920
787, 407.721168502542010
788, 407.833125373799650
789, 407.945088296837530
790, 408.057057269482410
791, 408.169032289561240
792, 408.281013354900720
793, 408.393000463327670
794, 408.504993612668950
795, 408.616992800751400
796, 408.728998025401720
797, 408.841009284446780
798, 408.953026575713410
799, 409.065049897028360
800, 409.177079246218510
801, 409.289114621110680
802, 409.401156019531580
803, 409.513203439308090
804, 409.625256878267010
805, 409.737316334235170
806, 409.849381805039340
807, 409.961453288506390
808, 410.073530782463080
809, 410.185614284736180
810, 410.297703793152610
811, 410.409799305539080
812, 410.521900819722530
813, 410.634008333529610
814, 410.746121844787180
815, 410.858241351322140
816, 410.970366850961230
817, 411.082498341531220
818, 411.194635820858990
819, 411.306779286771360
820, 411.418928737095090
821, 411.531084169656990
822, 411.643245582283900
823, 411.755412972802620
824, 411.867586339039920
825, 411.979765678822670
826, 412.091950989977700
827, 412.204142270331770
828, 412.316339517711640
829, 412.428542729944300
830, 412.540751904856340
831, 412.652967040274690
832, 412.765188134026180
833, 412.877415183937500
834, 412.989648187835600
835, 413.101887143547230
836, 413.214132048899220
837, 413.326382901718380
838, 413.438639699831470
839, 413.550902441065320
840, 413.663171123246800
841, 413.775445744202610
842, 413.887726301759700
843, 414.000012793744760
844, 414.112305217984610
845, 414.224603572306190
846, 414.336907854536150
847, 414.449218062501420
848, 414.561534194028750
849, 414.673856246944920
850, 414.786184219076800
851, 414.898518108251210
852, 415.010857912294910
853, 415.123203629034720
854, 415.235555256297400
855, 415.347912791909950
856, 415.460276233698950
857, 415.572645579491340
858, 415.685020827113930
859, 415.797401974393490
860, 415.909789019156850
861, 416.022181959230810
862, 416.134580792442190
863, 416.246985516617770
864, 416.359396129584410
865, 416.471812629168880
866, 416.584235013198000
867, 416.696663279498580
868, 416.809097425897450
869, 416.921537450221420
870, 417.033983350297260
871, 417.146435123951850
872, 417.258892769011940
873, 417.371356283304350
874, 417.483825664655910
875, 417.596300910893380
876, 417.708782019843620
877, 417.821268989333480
878, 417.933761817189690
879, 418.046260501239090
880, 418.158765039308490
881, 418.271275429224720
882, 418.383791668814580
883, 418.496313755904850
884, 418.608841688322340
885, 418.721375463893930
886, 418.833915080446330
887, 418.946460535806470
888, 419.059011827801100
889, 419.171568954256940
890, 419.284131913000920
891, 419.396700701859860
892, 419.509275318660510
893, 419.621855761229650
894, 419.734442027394210
895, 419.847034114980890
896, 419.959632021816560
897, 420.072235745727940
898, 420.184845284541950
899, 420.297460636085360
900, 420.410081798184990
901, 420.522708768667660
902, 420.635341545360120
903, 420.747980126089260
904, 420.860624508681780
905, 420.973274690964670
906, 421.085930670764530
907, 421.198592445908330
908, 421.311260014222800
909, 421.423933373534790
910, 421.536612521671090
911, 421.649297456458500
912, 421.761988175723840
913, 421.874684677293940
914, 421.987386958995610
915, 422.100095018655620
916, 422.212808854100790
917, 422.325528463157980
918, 422.438253843653970
919, 422.550984993415570
920, 422.663721910269600
921, 422.776464592042770
922, 422.889213036562070
923, 423.001967241654200
924, 423.114727205145980
925, 423.227492924864240
926, 423.340264398635720
927, 423.453041624287380
928, 423.565824599645910
929, 423.678613322538130
930, 423.791407790790860
931, 423.904208002230920
932, 424.017013954685180
933, 424.129825645980360
934, 424.242643073943330
935, 424.355466236400840
936, 424.468295131179730
937, 424.581129756106860
938, 424.693970109008940
939, 424.806816187712850
940, 424.919667990045410
941, 425.032525513833380
942, 425.145388756903570
943, 425.258257717082870
944, 425.371132392198040
945, 425.484012780075890
946, 425.596898878543190
947, 425.709790685426810
948, 425.822688198553520
949, 425.935591415750200
950, 426.048500334843540
951, 426.161414953660480
952, 426.274335270027730
953, 426.387261281772170
954, 426.500192986720550
955, 426.613130382699750
956, 426.726073467536480
957, 426.839022239057670
958, 426.951976695090080
959, 427.064936833460480
960, 427.177902651995740
961, 427.290874148522620
962, 427.403851320867940
963, 427.516834166858590
964, 427.629822684321250
965, 427.742816871082820
966, 427.855816724970110
967, 427.968822243809880
968, 428.081833425428950
969, 428.194850267654200
970, 428.307872768312340
971, 428.420900925230280
972, 428.533934736234700
973, 428.646974199152570
974, 428.760019311810590
975, 428.873070072035600
976, 428.986126477654350
977, 429.099188526493780
978, 429.212256216380640
979, 429.325329545141700
980, 429.438408510603840
981, 429.551493110593810
982, 429.664583342938390
983, 429.777679205464490
984, 429.890780695998900
985, 430.003887812368360
986, 430.117000552399760
987, 430.230118913919800
988, 430.343242894755460
989, 430.456372492733410
990, 430.569507705680510
991, 430.682648531423580
992, 430.795794967789390
993, 430.908947012604810
994, 431.022104663696550
995, 431.135267918891600
996, 431.248436776016550
997, 431.361611232898380
998, 431.474791287363810
999, 431.587976937239720
1000, 431.701168180352850
1001, 431.814365014530040
1002, 431.927567437598100
1003, 432.040775447383850
1004, 432.153989041714110
1005, 432.267208218415650
1006, 432.380432975315270
1007, 432.493663310239870
1008, 432.606899221016190
1009, 432.720140705471010
1010, 432.833387761431250
1011, 432.946640386723630
1012, 433.059898579174960
1013, 433.173162336612050
1014, 433.286431656861790
1015, 433.399706537750940
1016, 433.512986977106270
1017, 433.626272972754690
1018, 433.739564522522870
1019, 433.852861624237730
1020, 433.966164275726040
1021, 434.079472474814620
1022, 434.192786219330290
1023, 434.306105507099860
1024, 434.419430335950100
1025, 434.532760703707880
1026, 434.646096608199970
1027, 434.759438047253180
1028, 434.872785018694340
1029, 434.986137520350270
1030, 435.099495550047780
1031, 435.212859105613570
1032, 435.326228184874590
1033, 435.439602785657660
1034, 435.552982905789460
1035, 435.666368543096890
1036, 435.779759695406770
1037, 435.893156360545850
1038, 436.006558536341000
1039, 436.119966220619060
1040, 436.233379411206670
1041, 436.346798105930820
1042, 436.460222302618260
1043, 436.573651999095770
1044, 436.687087193190220
1045, 436.800527882728370
1046, 436.913974065537050
1047, 437.027425739443060
1048, 437.140882902273230
1049, 437.254345551854390
1050, 437.367813686013280
1051, 437.481287302576790
1052, 437.594766399371680
1053, 437.708250974224710
1054, 437.821741024962820
1055, 437.935236549412710
1056, 438.048737545401250
1057, 438.162244010755220
1058, 438.275755943301480
1059, 438.389273340866790
1060, 438.502796201277990
1061, 438.616324522361820
1062, 438.729858301945170
1063, 438.843397537854860
1064, 438.956942227917580
1065, 439.070492369960330
1066, 439.184047961809770
1067, 439.297609001292760
1068, 439.411175486236060
1069, 439.524747414466560
1070, 439.638324783811070
1071, 439.751907592096360
1072, 439.865495837149240
1073, 439.979089516796530
1074, 440.092688628865060
1075, 440.206293171181580
1076, 440.319903141572980
1077, 440.433518537866010
1078, 440.547139357887490
1079, 440.660765599464240
1080, 440.774397260423090
1081, 440.888034338590840
1082, 441.001676831794270
1083, 441.115324737860190
1084, 441.228978054615480
1085, 441.342636779886900
1086, 441.456300911501270
1087, 441.569970447285410
1088, 441.683645385066090
1089, 441.797325722670110
1090, 441.911011457924360
1091, 442.024702588655600
1092, 442.138399112690650
1093, 442.252101027856330
1094, 442.365808331979390
1095, 442.479521022886730
1096, 442.593239098405090
1097, 442.706962556361360
1098, 442.820691394582240
1099, 442.934425610894660
1100, 443.048165203125340
1101, 443.161910169101080
1102, 443.275660506648820
1103, 443.389416213595210
1104, 443.503177287767130
1105, 443.616943726991390
1106, 443.730715529094820
1107, 443.844492691904290
1108, 443.958275213246450
1109, 444.072063090948180
1110, 444.185856322836340
1111, 444.299654906737710
1112, 444.413458840479110
1113, 444.527268121887290
1114, 444.641082748789130
1115, 444.754902719011400
1116, 444.868728030380910
1117, 444.982558680724540
1118, 445.096394667869050
1119, 445.210235989641210
1120, 445.324082643867880
1121, 445.437934628375840
1122, 445.551791940991960
1123, 445.665654579543000
1124, 445.779522541855730
1125, 445.893395825757070
1126, 446.007274429073730
1127, 446.121158349632590
1128, 446.235047585260420
1129, 446.348942133784020
1130, 446.462841993030280
1131, 446.576747160825900
1132, 446.690657634997760
1133, 446.804573413372680
1134, 446.918494493777420
1135, 447.032420874038790
1136, 447.146352551983680
1137, 447.260289525438790
1138, 447.374231792231000
1139, 447.488179350187120
1140, 447.602132197133980
1141, 447.716090330898280
1142, 447.830053749306960
1143, 447.944022450186760
1144, 448.057996431364530
1145, 448.171975690667010
1146, 448.285960225921140
1147, 448.399950034953580
1148, 448.513945115591240
1149, 448.627945465660900
1150, 448.741951082989320
1151, 448.855961965403420
1152, 448.969978110729930
1153, 449.083999516795700
1154, 449.198026181427510
1155, 449.312058102452170
1156, 449.426095277696500
1157, 449.540137704987330
1158, 449.654185382151470
1159, 449.768238307015680
1160, 449.882296477406840
1161, 449.996359891151660
1162, 450.110428546077060
1163, 450.224502440009810
1164, 450.338581570776680
1165, 450.452665936204600
1166, 450.566755534120260
1167, 450.680850362350500
1168, 450.794950418722120
1169, 450.909055701061900
1170, 451.023166207196820
1171, 451.137281934953480
1172, 451.251402882158800
1173, 451.365529046639610
1174, 451.479660426222610
1175, 451.593797018734680
1176, 451.707938822002690
1177, 451.822085833853410
1178, 451.936238052113590
1179, 452.050395474610010
1180, 452.164558099169650
1181, 452.278725923619220
1182, 452.392898945785530
1183, 452.507077163495350
1184, 452.621260574575560
1185, 452.735449176852970
1186, 452.849642968154280
1187, 452.963841946306500
1188, 453.078046109136270
1189, 453.192255454470460
1190, 453.306469980135830
1191, 453.420689683959320
1192, 453.534914563767590
1193, 453.649144617387550
1194, 453.763379842645970
1195, 453.877620237369680
1196, 453.991865799385490
1197, 454.106116526520170
1198, 454.220372416600580
1199, 454.334633467453500
1200, 454.448899676905740
1201, 454.563171042784120
1202, 454.677447562915520
1203, 454.791729235126580
1204, 454.906016057244300
1205, 455.020308027095330
1206, 455.134605142506590
1207, 455.248907401304850
1208, 455.363214801316930
1209, 455.477527340369650
1210, 455.591845016289770
1211, 455.706167826904110
1212, 455.820495770039540
1213, 455.934828843522840
1214, 456.049167045180870
1215, 456.163510372840280
1216, 456.277858824328060
1217, 456.392212397470930
1218, 456.506571090095690
1219, 456.620934900029230
1220, 456.735303825098300
1221, 456.849677863129670
1222, 456.964057011950220
1223, 457.078441269386760
1224, 457.192830633266110
1225, 457.307225101414990
1226, 457.421624671660310
1227, 457.536029341828790
1228, 457.650439109747370
1229, 457.764853973242680
1230, 457.879273930141720
1231, 457.993698978271200
1232, 458.108129115457930
1233, 458.222564339528730
1234, 458.337004648310430
1235, 458.451450039629780
1236, 458.565900511313660
1237, 458.680356061188890
1238, 458.794816687082180
1239, 458.909282386820450
1240, 459.023753158230480
1241, 459.138228999139070
1242, 459.252709907373000
1243, 459.367195880759140
1244, 459.481686917124190
1245, 459.596183014295090
1246, 459.710684170098600
1247, 459.825190382361600
1248, 459.939701648910730
1249, 460.054217967572920
1250, 460.168739336175010
1251, 460.283265752543680
1252, 460.397797214505890
1253, 460.512333719888370
1254, 460.626875266517910
1255, 460.741421852221380
1256, 460.855973474825530
1257, 460.970530132157250
1258, 461.085091822043300
1259, 461.199658542310430
1260, 461.314230290785590
1261, 461.428807065295470
1262, 461.543388863666960
1263, 461.657975683726820
1264, 461.772567523301860
1265, 461.887164380218960
1266, 462.001766252304830
1267, 462.116373137386350
1268, 462.230985033290270
1269, 462.345601937843470
1270, 462.460223848872720
1271, 462.574850764204880
1272, 462.689482681666680
1273, 462.804119599084970
1274, 462.918761514286530
1275, 463.033408425098290
1276, 463.148060329346890
1277, 463.262717224859220
1278, 463.377379109462140
1279, 463.492045980982430
1280, 463.606717837246830
1281, 463.721394676082240
1282, 463.836076495315410
1283, 463.950763292773160
1284, 464.065455066282310
1285, 464.180151813669740
1286, 464.294853532762150
1287, 464.409560221386410
1288, 464.524271877369300
1289, 464.638988498537630
1290, 464.753710082718270
1291, 464.868436627737990
1292, 464.983168131423550
1293, 465.097904591601830
1294, 465.212646006099590
1295, 465.327392372743700
1296, 465.442143689360930
1297, 465.556899953778160
1298, 465.671661163822020
1299, 465.786427317319520
1300, 465.901198412097410
1301, 466.015974445982470
1302, 466.130755416801490
1303, 466.245541322381310
1304, 466.360332160548810
1305, 466.475127929130620
1306, 466.589928625953800
1307, 466.704734248844940
1308, 466.819544795630920
1309, 466.934360264138600
1310, 467.049180652194760
1311, 467.164005957626160
1312, 467.278836178259670
1313, 467.393671311922160
1314, 467.508511356440290
1315, 467.623356309640940
1316, 467.738206169350970
1317, 467.853060933397100
1318, 467.967920599606260
1319, 468.082785165805150
1320, 468.197654629820590
1321, 468.312528989479460
1322, 468.427408242608520
1323, 468.542292387034540
1324, 468.657181420584490
1325, 468.772075341084990
1326, 468.886974146362950
1327, 469.001877834245190
1328, 469.116786402558430
1329, 469.231699849129540
1330, 469.346618171785390
1331, 469.461541368352750
1332, 469.576469436658390
1333, 469.691402374529100
1334, 469.806340179791730
1335, 469.921282850273200
1336, 470.036230383800100
1337, 470.151182778199430
1338, 470.266140031297940
1339, 470.381102140922340
1340, 470.496069104899560
1341, 470.611040921056430
1342, 470.726017587219640
1343, 470.840999101216080
1344, 470.955985460872630
1345, 471.070976664015920
1346, 471.185972708472890
1347, 471.300973592070360
1348, 471.415979312635050
1349, 471.530989867993870
1350, 471.646005255973480
1351, 471.761025474400870
1352, 471.876050521102800
1353, 471.991080393905970
1354, 472.106115090637330
1355, 472.221154609123630
1356, 472.336198947191630
1357, 472.451248102668270
1358, 472.566302073380260
1359, 472.681360857154460
1360, 472.796424451817590
1361, 472.911492855196570
1362, 473.026566065118120
1363, 473.141644079409160
1364, 473.256726895896410
1365, 473.371814512406670
1366, 473.486906926766890
1367, 473.602004136803660
1368, 473.717106140343960
1369, 473.832212935214560
1370, 473.947324519242220
1371, 474.062440890253810
1372, 474.177562046076160
1373, 474.292687984535970
1374, 474.407818703460180
1375, 474.522954200675540
1376, 474.638094474008880
1377, 474.753239521286900
1378, 474.868389340336530
1379, 474.983543928984660
1380, 475.098703285057870
1381, 475.213867406383140
1382, 475.329036290787260
1383, 475.444209936096970
1384, 475.559388340139090
1385, 475.674571500740510
1386, 475.789759415728040
1387, 475.904952082928390
1388, 476.020149500168490
1389, 476.135351665275040
1390, 476.250558576074870
1391, 476.365770230394840
1392, 476.480986626061740
1393, 476.596207760902420
1394, 476.711433632743590
1395, 476.826664239412140
1396, 476.941899578734820
1397, 477.057139648538510
1398, 477.172384446650090
1399, 477.287633970896140
1400, 477.402888219103600
1401, 477.518147189099350
1402, 477.633410878710150
1403, 477.748679285762710
1404, 477.863952408083950
1405, 477.979230243500690
1406, 478.094512789839650
1407, 478.209800044927760
1408, 478.325092006591720
1409, 478.440388672658400
1410, 478.555690040954570
1411, 478.670996109307110
1412, 478.786306875542780
1413, 478.901622337488330
1414, 479.016942492970710
1415, 479.132267339816620
1416, 479.247596875852930
1417, 479.362931098906420
1418, 479.478270006803880
1419, 479.593613597372210
1420, 479.708961868438110
1421, 479.824314817828450
1422, 479.939672443370000
1423, 480.055034742889690
1424, 480.170401714214220
1425, 480.285773355170360
1426, 480.401149663584990
1427, 480.516530637284970
1428, 480.631916274096970
1429, 480.747306571847960
1430, 480.862701528364600
1431, 480.978101141473870
1432, 481.093505409002430
1433, 481.208914328777150
1434, 481.324327898624800
1435, 481.439746116372250
1436, 481.555168979846260
1437, 481.670596486873710
1438, 481.786028635281350
1439, 481.901465422896080
1440, 482.016906847544530
1441, 482.132352907053700
1442, 482.247803599250230
1443, 482.363258921961060
1444, 482.478718873013010
1445, 482.594183450232780
1446, 482.709652651447190
1447, 482.825126474483230
1448, 482.940604917167490
1449, 483.056087977326910
1450, 483.171575652788250
1451, 483.287067941378330
1452, 483.402564840923900
1453, 483.518066349251970
1454, 483.633572464189110
1455, 483.749083183562220
1456, 483.864598505198160
1457, 483.980118426923750
1458, 484.095642946565700
1459, 484.211172061950890
1460, 484.326705770906130
1461, 484.442244071258190
1462, 484.557786960833940
1463, 484.673334437460080
1464, 484.788886498963620
1465, 484.904443143171140
1466, 485.020004367909560
1467, 485.135570171005720
1468, 485.251140550286440
1469, 485.366715503578460
1470, 485.482295028708620
1471, 485.597879123503730
1472, 485.713467785790610
1473, 485.829061013395970
1474, 485.944658804146800
1475, 486.060261155869850
1476, 486.175868066391840
1477, 486.291479533539700
1478, 486.407095555140130
1479, 486.522716129019950
1480, 486.638341253006100
1481, 486.753970924925280
1482, 486.869605142604310
1483, 486.985243903870010
1484, 487.100887206549260
1485, 487.216535048468700
1486, 487.332187427455320
1487, 487.447844341335840
1488, 487.563505787937060
1489, 487.679171765085870
1490, 487.794842270609020
1491, 487.910517302333290
1492, 488.026196858085540
1493, 488.141880935692600
1494, 488.257569532981170
1495, 488.373262647778230
1496, 488.488960277910450
1497, 488.604662421204690
1498, 488.720369075487780
1499, 488.836080238586530
1500, 488.951795908327650
1501, 489.067516082538130
1502, 489.183240759044680
1503, 489.298969935674050
1504, 489.414703610253130
1505, 489.530441780608730
1506, 489.646184444567670
1507, 489.761931599956650
1508, 489.877683244602620
1509, 489.993439376332330
1510, 490.109199992972610
1511, 490.224965092350260
1512, 490.340734672292060
1513, 490.456508730624820
1514, 490.572287265175420
1515, 490.688070273770680
1516, 490.803857754237240
1517, 490.919649704402100
1518, 491.035446122092030
1519, 491.151247005133770
1520, 491.267052351354150
1521, 491.382862158580000
1522, 491.498676424638120
1523, 491.614495147355400
1524, 491.730318324558540
1525, 491.846145954074360
1526, 491.961978033729790
1527, 492.077814561351490
1528, 492.193655534766320
1529, 492.309500951801110
1530, 492.425350810282680
1531, 492.541205108037840
1532, 492.657063842893310
1533, 492.772927012676060
1534, 492.888794615212760
1535, 493.004666648330330
1536, 493.120543109855530
1537, 493.236423997615130
1538, 493.352309309436010
1539, 493.468199043144860
1540, 493.584093196568690
1541, 493.699991767534130
1542, 493.815894753868060
1543, 493.931802153397310
1544, 494.047713963948640
1545, 494.163630183348910
1546, 494.279550809424900
1547, 494.395475840003430
1548, 494.511405272911360
1549, 494.627339105975410
1550, 494.743277337022450
1551, 494.859219963879240
1552, 494.975166984372660
1553, 495.091118396329480
1554, 495.207074197576500
1555, 495.323034385940560
1556, 495.438998959248410
1557, 495.554967915326930
1558, 495.670941252002880
1559, 495.786918967103130
1560, 495.902901058454460
1561, 496.018887523883680
1562, 496.134878361217600
1563, 496.250873568282940
1564, 496.366873142906680
1565, 496.482877082915590
1566, 496.598885386136320
1567, 496.714898050395900
1568, 496.830915073521000
1569, 496.946936453338480
1570, 497.062962187675110
1571, 497.178992274357710
1572, 497.295026711213150
1573, 497.411065496068260
1574, 497.527108626749740
1575, 497.643156101084400
1576, 497.759207916899190
1577, 497.875264072020740
1578, 497.991324564276060
1579, 498.107389391491780
1580, 498.223458551494790
1581, 498.339532042111950
1582, 498.455609861169930
1583, 498.571692006495710
1584, 498.687778475915930
1585, 498.803869267257540
1586, 498.919964378347230
1587, 499.036063807012000
1588, 499.152167551078430
1589, 499.268275608373530
1590, 499.384387976723930
1591, 499.500504653956570
1592, 499.616625637898210
1593, 499.732750926375670
1594, 499.848880517215780
1595, 499.965014408245280
1596, 500.081152597291070
1597, 500.197295082179890
1598, 500.313441860738640
1599, 500.429592930794000
1600, 500.545748290172920
1601, 500.661907936702050
1602, 500.778071868208370
1603, 500.894240082518650
1604, 501.010412577459530
1605, 501.126589350858070
1606, 501.242770400540960
1607, 501.358955724334920
1608, 501.475145320066930
1609, 501.591339185563700
1610, 501.707537318652100
1611, 501.823739717158900
1612, 501.939946378910920
1613, 502.056157301734910
1614, 502.172372483457820
1615, 502.288591921906290
1616, 502.404815614907310
1617, 502.521043560287520
1618, 502.637275755873820
1619, 502.753512199493060
1620, 502.869752888971960
1621, 502.985997822137390
1622, 503.102246996816120
1623, 503.218500410834960
1624, 503.334758062020800
1625, 503.451019948200380
1626, 503.567286067200480
1627, 503.683556416847980
1628, 503.799830994969740
1629, 503.916109799392360
1630, 504.032392827942890
1631, 504.148680078447970
1632, 504.264971548734480
1633, 504.381267236629240
1634, 504.497567139959070
1635, 504.613871256550740
1636, 504.730179584231050
1637, 504.846492120826840
1638, 504.962808864164910
1639, 505.079129812072100
1640, 505.195454962375210
1641, 505.311784312901070
1642, 505.428117861476380
1643, 505.544455605928080
1644, 505.660797544082930
1645, 505.777143673767680
1646, 505.893493992809280
1647, 506.009848499034430
1648, 506.126207190269950
1649, 506.242570064342660
1650, 506.358937119079430
1651, 506.475308352307020
1652, 506.591683761852210
1653, 506.708063345541860
1654, 506.824447101202790
1655, 506.940835026661770
1656, 507.057227119745560
1657, 507.173623378281150
1658, 507.290023800095130
1659, 507.406428383014490
1660, 507.522837124865930
1661, 507.639250023476280
1662, 507.755667076672410
1663, 507.872088282281080
1664, 507.988513638129120
1665, 508.104943142043230
1666, 508.221376791850390
1667, 508.337814585377370
1668, 508.454256520450940
1669, 508.570702594897850
1670, 508.687152806545100
1671, 508.803607153219280
1672, 508.920065632747310
1673, 509.036528242956020
1674, 509.152994981672240
1675, 509.269465846722650
1676, 509.385940835934150
1677, 509.502419947133600
1678, 509.618903178147660
1679, 509.735390526803310
1680, 509.851881990927270
1681, 509.968377568346340
1682, 510.084877256887410
1683, 510.201381054377180
1684, 510.317888958642580
1685, 510.434400967510330
1686, 510.550917078807170
1687, 510.667437290360110
1688, 510.783961599995850
1689, 510.900490005541200
1690, 511.017022504822990
1691, 511.133559095667980
1692, 511.250099775903040
1693, 511.366644543354940
1694, 511.483193395850550
1695, 511.599746331216580
1696, 511.716303347279960
1697, 511.832864441867400
1698, 511.949429612805830
1699, 512.065998857921840
1700, 512.182572175042540
1701, 512.299149561994450
1702, 512.415731016604580
1703, 512.532316536699680
1704, 512.648906120106630
1705, 512.765499764651960
1706, 512.882097468162900
1707, 512.998699228465970
1708, 513.115305043387930
1709, 513.231914910755900
1710, 513.348528828396410
1711, 513.465146794136330
1712, 513.581768805802540
1713, 513.698394861221910
1714, 513.815024958220990
1715, 513.931659094626870
1716, 514.048297268266200
1717, 514.164939476965860
1718, 514.281585718552720
1719, 514.398235990853440
1720, 514.514890291694880
1721, 514.631548618903930
1722, 514.748210970307240
1723, 514.864877343731790
1724, 514.981547737004350
1725, 515.098222147951670
1726, 515.214900574400530
1727, 515.331583014177910
1728, 515.448269465110460
1729, 515.564959925025050
1730, 515.681654391748450
1731, 515.798352863107540
1732, 515.915055336929070
1733, 516.031761811039930
1734, 516.148472283266870
1735, 516.265186751436660
1736, 516.381905213376170
1737, 516.498627666912170
1738, 516.615354109871530
1739, 516.732084540081130
1740, 516.848818955367510
1741, 516.965557353557760
1742, 517.082299732478530
1743, 517.199046089956710
1744, 517.315796423819050
1745, 517.432550731892430
1746, 517.549309012003620
1747, 517.666071261979370
1748, 517.782837479646560
1749, 517.899607662832070
1750, 518.016381809362540
1751, 518.133159917064860
1752, 518.249941983765890
1753, 518.366728007292520
1754, 518.483517985471280
1755, 518.600311916129270
1756, 518.717109797093140
1757, 518.833911626189660
1758, 518.950717401245700
1759, 519.067527120088240
1760, 519.184340780543830
1761, 519.301158380439350
1762, 519.417979917601770
1763, 519.534805389857640
1764, 519.651634795033940
1765, 519.768468130957560
1766, 519.885305395455130
1767, 520.002146586353550
1768, 520.118991701479560
1769, 520.235840738660040
1770, 520.352693695721770
1771, 520.469550570491610
1772, 520.586411360796320
1773, 520.703276064462670
1774, 520.820144679317540
1775, 520.937017203187790
1776, 521.053893633900090
1777, 521.170773969281300
1778, 521.287658207158420
1779, 521.404546345357860
1780, 521.521438381706840
1781, 521.638334314031910
1782, 521.755234140160040
1783, 521.872137857917890
1784, 521.989045465132450
1785, 522.105956959630250
1786, 522.222872339238390
1787, 522.339791601783650
1788, 522.456714745092540
1789, 522.573641766992300
1790, 522.690572665309450
1791, 522.807507437870870
1792, 522.924446082503320
1793, 523.041388597033800
1794, 523.158334979288840
1795, 523.275285227095540
1796, 523.392239338280430
1797, 523.509197310670630
1798, 523.626159142092660
1799, 523.743124830373520
1800, 523.860094373339960
1801, 523.977067768818640
1802, 524.094045014636660
1803, 524.211026108620670
1804, 524.328011048597430
1805, 524.444999832393820
1806, 524.561992457836710
1807, 524.678988922752750
1808, 524.795989224968930
1809, 524.912993362311910
1810, 525.030001332608660
1811, 525.147013133685850
1812, 525.264028763370330
1813, 525.381048219489000
1814, 525.498071499868500
1815, 525.615098602335710
1816, 525.732129524717490
1817, 525.849164264840620
1818, 525.966202820531860
1819, 526.083245189618080
1820, 526.200291369926160
1821, 526.317341359282860
1822, 526.434395155514840
1823, 526.551452756449070
1824, 526.668514159912320
1825, 526.785579363731470
1826, 526.902648365733170
1827, 527.019721163744410
1828, 527.136797755591830
1829, 527.253878139102430
1830, 527.370962312102850
1831, 527.488050272419970
1832, 527.605142017880550
1833, 527.722237546311480
1834, 527.839336855539500
1835, 527.956439943391500
1836, 528.073546807694360
1837, 528.190657446274600
1838, 528.307771856959220
1839, 528.424890037575100
1840, 528.542011985948880
1841, 528.659137699907550
1842, 528.776267177277760
1843, 528.893400415886500
1844, 529.010537413560430
1845, 529.127678168126290
1846, 529.244822677411090
1847, 529.361970939241590
1848, 529.479122951444540
1849, 529.596278711846710
1850, 529.713438218274970
1851, 529.830601468556210
1852, 529.947768460517180
1853, 530.064939191984540
1854, 530.182113660785380
1855, 530.299291864746240
1856, 530.416473801694110
1857, 530.533659469455760
1858, 530.650848865858050
1859, 530.768041988727650
1860, 530.885238835891410
1861, 531.002439405176230
1862, 531.119643694408860
1863, 531.236851701416070
1864, 531.354063424024840
1865, 531.471278860061720
1866, 531.588498007353790
1867, 531.705720863727610
1868, 531.822947427010150
1869, 531.940177695028180
1870, 532.057411665608470
1871, 532.174649336578000
1872, 532.291890705763310
1873, 532.409135770991500
1874, 532.526384530089100
1875, 532.643636980883120
1876, 532.760893121200300
1877, 532.878152948867410
1878, 532.995416461711330
1879, 533.112683657558820
1880, 533.229954534236750
1881, 533.347229089571900
1882, 533.464507321391120
1883, 533.581789227521090
1884, 533.699074805788770
1885, 533.816364054020820
1886, 533.933656970044240
1887, 534.050953551685670
1888, 534.168253796771980
1889, 534.285557703130050
1890, 534.402865268586540
1891, 534.520176490968420
1892, 534.637491368102470
1893, 534.754809897815330
1894, 534.872132077934110
1895, 534.989457906285340
1896, 535.106787380695890
1897, 535.224120498992760
1898, 535.341457259002480
1899, 535.458797658552160
1900, 535.576141695468320
1901, 535.693489367577970
1902, 535.810840672707850
1903, 535.928195608684750
1904, 536.045554173335400
1905, 536.162916364486930
1906, 536.280282179965750
1907, 536.397651617598970
1908, 536.515024675213230
1909, 536.632401350635520
1910, 536.749781641692380
1911, 536.867165546210800
1912, 536.984553062017540
1913, 537.101944186939480
1914, 537.219338918803370
1915, 537.336737255435990
1916, 537.454139194664320
1917, 537.571544734314900
1918, 537.688953872214710
1919, 537.806366606190520
1920, 537.923782934069210
1921, 538.041202853677530
1922, 538.158626362842140
1923, 538.276053459390140
1924, 538.393484141148290
1925, 538.510918405943130
1926, 538.628356251601760
1927, 538.745797675950830
1928, 538.863242676817210
1929, 538.980691252027780
1930, 539.098143399409200
1931, 539.215599116788330
1932, 539.333058401992050
1933, 539.450521252847120
1934, 539.567987667180430
1935, 539.685457642818620
1936, 539.802931177588560
1937, 539.920408269317140
1938, 540.037888915831220
1939, 540.155373114957460
1940, 540.272860864522730
1941, 540.390352162353790
1942, 540.507847006277530
1943, 540.625345394120700
1944, 540.742847323710290
1945, 540.860352792872850
1946, 540.977861799435230
1947, 541.095374341224440
1948, 541.212890416067010
1949, 541.330410021790040
1950, 541.447933156220190
1951, 541.565459817184210
1952, 541.682990002509090
1953, 541.800523710021480
1954, 541.918060937548150
1955, 542.035601682916190
1956, 542.153145943952040
1957, 542.270693718482790
1958, 542.388245004335200
1959, 542.505799799336050
1960, 542.623358101311960
1961, 542.740919908090060
1962, 542.858485217496990
1963, 542.976054027359620
1964, 543.093626335504720
1965, 543.211202139759050
1966, 543.328781437949600
1967, 543.446364227902900
1968, 543.563950507445950
1969, 543.681540274405620
1970, 543.799133526608560
1971, 543.916730261881750
1972, 544.034330478051860
1973, 544.151934172945630
1974, 544.269541344390060
1975, 544.387151990211920
1976, 544.504766108237960
1977, 544.622383696295060
1978, 544.740004752209870
1979, 544.857629273809380
1980, 544.975257258920350
1981, 545.092888705369660
1982, 545.210523610983840
1983, 545.328161973590000
1984, 545.445803791014900
1985, 545.563449061085180
1986, 545.681097781627840
1987, 545.798749950469640
1988, 545.916405565437340
1989, 546.034064624357710
1990, 546.151727125057730
1991, 546.269393065364060
1992, 546.387062443103560
1993, 546.504735256103000
1994, 546.622411502189380
1995, 546.740091179189220
1996, 546.857774284929520
1997, 546.975460817237040
1998, 547.093150773938530
1999, 547.210844152861000
2000, 547.328540951830970
2001, 547.446241168675560
2002, 547.563944801221400
2003, 547.681651847295140
2004, 547.799362304723900
2005, 547.917076171334430
2006, 548.034793444953380
2007, 548.152514123407740
2008, 548.270238204524160
2009, 548.387965686129520
2010, 548.505696566050690
2011, 548.623430842114430
2012, 548.741168512147510
2013, 548.858909573976800
2014, 548.976654025429070
2015, 549.094401864331190
2016, 549.212153088509920
2017, 549.329907695792030
2018, 549.447665684004510
2019, 549.565427050973880
2020, 549.683191794527150
2021, 549.800959912491180
2022, 549.918731402692630
2023, 550.036506262958370
2024, 550.154284491115280
2025, 550.272066084990000
2026, 550.389851042409420
2027, 550.507639361200520
2028, 550.625431039189830
2029, 550.743226074204360
2030, 550.861024464070850
2031, 550.978826206616080
2032, 551.096631299666910
2033, 551.214439741050230
2034, 551.332251528592680
2035, 551.450066660121140
2036, 551.567885133462370
2037, 551.685706946443360
2038, 551.803532096890650
2039, 551.921360582631340
2040, 552.039192401492070
2041, 552.157027551299730
2042, 552.274866029880970
2043, 552.392707835062770
2044, 552.510552964671770
2045, 552.628401416534980
2046, 552.746253188479160
2047, 552.864108278331060
2048, 552.981966683917560
2049, 553.099828403065320
2050, 553.217693433601310
2051, 553.335561773352310
2052, 553.453433420145070
2053, 553.571308371806370
2054, 553.689186626163180
2055, 553.807068181042150
2056, 553.924953034270170
2057, 554.042841183674110
2058, 554.160732627080620
2059, 554.278627362316680
2060, 554.396525387208840
2061, 554.514426699584310
2062, 554.632331297269620
2063, 554.750239178091530
2064, 554.868150339877050
2065, 554.986064780452810
2066, 555.103982497645800
2067, 555.221903489282790
2068, 555.339827753190430
2069, 555.457755287195710
2070, 555.575686089125380
2071, 555.693620156806220
2072, 555.811557488064980
2073, 555.929498080728650
2074, 556.047441932623880
2075, 556.165389041577550
2076, 556.283339405416540
2077, 556.401293021967600
2078, 556.519249889057390
2079, 556.637210004512890
2080, 556.755173366160990
2081, 556.873139971828320
2082, 556.991109819341660
2083, 557.109082906528100
2084, 557.227059231214070
2085, 557.345038791226670
2086, 557.463021584392660
2087, 557.581007608538810
2088, 557.698996861491880
2089, 557.816989341078740
2090, 557.934985045126150
2091, 558.052983971461000
2092, 558.170986117910160
2093, 558.288991482300160
2094, 558.407000062458110
2095, 558.525011856210650
2096, 558.643026861384670
2097, 558.761045075806920
2098, 558.879066497304280
2099, 558.997091123703510
2100, 559.115118952831380
2101, 559.233149982514760
2102, 559.351184210580530
2103, 559.469221634855440
2104, 559.587262253166270
2105, 559.705306063339780
2106, 559.823353063202830
2107, 559.941403250582310
2108, 560.059456623304980
2109, 560.177513179197600
2110, 560.295572916087050
2111, 560.413635831800090
2112, 560.531701924163490
2113, 560.649771191004220
2114, 560.767843630148950
2115, 560.885919239424540
2116, 561.003998016657760
2117, 561.122079959675370
2118, 561.240165066304370
2119, 561.358253334371510
2120, 561.476344761703560
2121, 561.594439346127160
2122, 561.712537085469420
2123, 561.830637977556990
2124, 561.948742020216630
2125, 562.066849211275210
2126, 562.184959548559620
2127, 562.303073029896610
2128, 562.421189653113060
2129, 562.539309416035620
2130, 562.657432316491170
2131, 562.775558352306460
2132, 562.893687521308490
2133, 563.011819821324020
2134, 563.129955250179710
2135, 563.248093805702410
2136, 563.366235485719020
2137, 563.484380288056400
2138, 563.602528210541100
2139, 563.720679251000210
2140, 563.838833407260380
2141, 563.956990677148500
2142, 564.075151058491430
2143, 564.193314549115710
2144, 564.311481146848560
2145, 564.429650849516410
2146, 564.547823654946340
2147, 564.665999560964910
2148, 564.784178565399200
2149, 564.902360666075880
2150, 565.020545860821700
2151, 565.138734147463540
2152, 565.256925523828390
2153, 565.375119987742660
2154, 565.493317537033590
2155, 565.611518169527700
2156, 565.729721883051750
2157, 565.847928675432850
2158, 565.966138544497650
2159, 566.084351488072910
2160, 566.202567503985390
2161, 566.320786590062200
2162, 566.439008744129750
2163, 566.557233964015150
2164, 566.675462247545170
2165, 566.793693592546450
2166, 566.911927996845980
2167, 567.030165458270520
2168, 567.148405974646720
2169, 567.266649543801690
2170, 567.384896163561960
2171, 567.503145831754640
2172, 567.621398546206140
2173, 567.739654304743680
2174, 567.857913105193800
2175, 567.976174945383380
2176, 568.094439823139280
2177, 568.212707736288170
2178, 568.330978682657130
2179, 568.449252660072720
2180, 568.567529666361790
2181, 568.685809699351240
2182, 568.804092756867930
2183, 568.922378836738400
2184, 569.040667936789760
2185, 569.158960054848650
2186, 569.277255188741950
2187, 569.395553336296420
2188, 569.513854495338930
2189, 569.632158663696260
2190, 569.750465839195270
2191, 569.868776019662620
2192, 569.987089202925290
2193, 570.105405386809930
2194, 570.223724569143540
2195, 570.342046747752760
2196, 570.460371920464580
2197, 570.578700085105540
2198, 570.697031239502730
2199, 570.815365381482930
2200, 570.933702508872670
2201, 571.052042619499050
2202, 571.170385711188830
2203, 571.288731781768660
2204, 571.407080829065530
2205, 571.525432850906210
2206, 571.643787845117460
2207, 571.762145809526150
2208, 571.880506741958920
2209, 571.998870640242900
2210, 572.117237502204600
2211, 572.235607325671030
2212, 572.353980108468820
2213, 572.472355848424970
2214, 572.590734543366120
2215, 572.709116191119160
2216, 572.827500789510960
2217, 572.945888336368280
2218, 573.064278829517890
2219, 573.182672266786650
2220, 573.301068646001340
2221, 573.419467964988830
2222, 573.537870221575760
2223, 573.656275413589130
2224, 573.774683538855700
2225, 573.893094595202340
2226, 574.011508580455710
2227, 574.129925492442680
2228, 574.248345328990010
2229, 574.366768087924580
2230, 574.485193767073380
2231, 574.603622364262950
2232, 574.722053877320150
2233, 574.840488304071760
2234, 574.958925642344750
2235, 575.077365889965790
2236, 575.195809044761750
2237, 575.314255104559490
2238, 575.432704067185800
2239, 575.551155930467300
2240, 575.669610692231000
2241, 575.788068350303660
2242, 575.906528902512150
2243, 576.024992346683120
2244, 576.143458680643560
2245, 576.261927902220240
2246, 576.380400009239790
2247, 576.498874999529330
2248, 576.617352870915400
2249, 576.735833621224860
2250, 576.854317248284700
2251, 576.972803749921580
2252, 577.091293123962260
2253, 577.209785368233720
2254, 577.328280480562630
2255, 577.446778458775840
2256, 577.565279300700130
2257, 577.683783004162480
2258, 577.802289566989430
2259, 577.920798987007970
2260, 578.039311262044860
2261, 578.157826389926980
2262, 578.276344368480980
2263, 578.394865195533840
2264, 578.513388868912220
2265, 578.631915386443100
2266, 578.750444745953250
2267, 578.868976945269310
2268, 578.987511982218280
2269, 579.106049854626920
2270, 579.224590560321990
2271, 579.343134097130250
2272, 579.461680462878580
2273, 579.580229655393960
2274, 579.698781672502950
2275, 579.817336512032510
2276, 579.935894171809420
2277, 580.054454649660330
2278, 580.173017943412330
2279, 580.291584050891970
2280, 580.410152969926230
2281, 580.528724698341880
2282, 580.647299233965670
2283, 580.765876574624490
2284, 580.884456718145090
2285, 581.003039662354350
2286, 581.121625405078930
2287, 581.240213944145920
2288, 581.358805277381860
2289, 581.477399402613630
2290, 581.595996317668100
2291, 581.714596020372140
2292, 581.833198508552410
2293, 581.951803780035790
2294, 582.070411832649030
2295, 582.189022664219010
2296, 582.307636272572610
2297, 582.426252655536470
2298, 582.544871810937480
2299, 582.663493736602500
2300, 582.782118430358200
2301, 582.900745890031540
2302, 583.019376113449310
2303, 583.138009098438260
2304, 583.256644842825150
2305, 583.375283344436980
2306, 583.493924601100390
2307, 583.612568610642260
2308, 583.731215370889460
2309, 583.849864879668640
2310, 583.968517134806690
2311, 584.087172134130470
2312, 584.205829875466750
2313, 584.324490356642400
2314, 584.443153575484080
2315, 584.561819529818650
2316, 584.680488217473000
2317, 584.799159636274000
2318, 584.917833784048180
2319, 585.036510658622660
2320, 585.155190257824190
2321, 585.273872579479300
2322, 585.392557621415110
2323, 585.511245381458370
2324, 585.629935857435840
2325, 585.748629047174400
2326, 585.867324948500710
2327, 585.986023559241740
2328, 586.104724877224270
2329, 586.223428900274940
2330, 586.342135626220850
2331, 586.460845052888540
2332, 586.579557178105010
2333, 586.698271999696890
2334, 586.816989515491170
2335, 586.935709723314630
2336, 587.054432620994020
2337, 587.173158206356110
2338, 587.291886477227760
2339, 587.410617431435870
2340, 587.529351066807070
2341, 587.648087381168350
2342, 587.766826372346490
2343, 587.885568038168230
2344, 588.004312376460350
2345, 588.123059385049710
2346, 588.241809061763210
2347, 588.360561404427470
2348, 588.479316410869390
2349, 588.598074078915830
2350, 588.716834406393560
2351, 588.835597391129450
2352, 588.954363030950160
2353, 589.073131323682670
2354, 589.191902267153750
2355, 589.310675859190040
2356, 589.429452097618650
2357, 589.548230980266110
2358, 589.667012504959420
2359, 589.785796669525330
2360, 589.904583471790490
2361, 590.023372909582010
2362, 590.142164980726420
2363, 590.260959683050710
2364, 590.379757014381770
2365, 590.498556972546110
2366, 590.617359555370850
2367, 590.736164760682640
2368, 590.854972586308120
2369, 590.973783030074510
2370, 591.092596089808350
2371, 591.211411763336510
2372, 591.330230048485760
2373, 591.449050943082970
2374, 591.567874444954900
2375, 591.686700551928420
2376, 591.805529261830200
2377, 591.924360572487330
2378, 592.043194481726230
2379, 592.162030987374010
2380, 592.280870087257430
2381, 592.399711779203240
2382, 592.518556061038450
2383, 592.637402930589470
2384, 592.756252385683410
2385, 592.875104424147030
2386, 592.993959043807080
2387, 593.112816242490450
2388, 593.231676018023900
2389, 593.350538368234310
2390, 593.469403290948320
2391, 593.588270783992810
2392, 593.707140845194770
2393, 593.826013472380850
2394, 593.944888663377920
2395, 594.063766416012640
2396, 594.182646728111990
2397, 594.301529597502620
2398, 594.420415022011640
2399, 594.539302999465460
2400, 594.658193527691310
2401, 594.777086604515600
2402, 594.895982227765440
2403, 595.014880395267480
2404, 595.133781104848590
2405, 595.252684354335540
2406, 595.371590141555090
2407, 595.490498464334220
2408, 595.609409320499710
2409, 595.728322707878310
2410, 595.847238624296780
2411, 595.966157067581890
2412, 596.085078035560630
2413, 596.204001526059760
2414, 596.322927536905920
2415, 596.441856065926120
2416, 596.560787110947100
2417, 596.679720669795640
2418, 596.798656740298610
2419, 596.917595320282890
2420, 597.036536407575110
2421, 597.155480000002170
2422, 597.274426095390820
2423, 597.393374691567940
2424, 597.512325786360410
2425, 597.631279377594860
2426, 597.750235463098190
2427, 597.869194040697270
2428, 597.988155108218850
2429, 598.107118663489700
2430, 598.226084704336700
2431, 598.345053228586720
2432, 598.464024234066300
2433, 598.582997718602660
2434, 598.701973680022320
2435, 598.820952116152060
2436, 598.939933024818860
2437, 599.058916403849480
2438, 599.177902251070690
2439, 599.296890564309250
2440, 599.415881341392150
2441, 599.534874580145920
2442, 599.653870278397790
2443, 599.772868433974170
2444, 599.891869044702050
2445, 600.010872108408190
2446, 600.129877622919480
2447, 600.248885586062670
2448, 600.367895995664410
2449, 600.486908849551920
2450, 600.605924145551630
2451, 600.724941881490510
2452, 600.843962055195330
2453, 600.962984664492980
2454, 601.082009707210090
2455, 601.201037181173660
2456, 601.320067084210450
2457, 601.439099414147220
2458, 601.558134168810740
2459, 601.677171346027990
2460, 601.796210943625740
2461, 601.915252959430520
2462, 602.034297391269550
2463, 602.153344236969360
2464, 602.272393494356950
2465, 602.391445161258840
2466, 602.510499235502150
2467, 602.629555714913520
2468, 602.748614597319940
2469, 602.867675880547950
2470, 602.986739562424650
2471, 603.105805640776680
2472, 603.224874113430700
2473, 603.343944978213810
2474, 603.463018232952660
2475, 603.582093875474130
2476, 603.701171903605090
2477, 603.820252315172180
2478, 603.939335108002300
2479, 604.058420279922300
2480, 604.177507828758960
2481, 604.296597752339040
2482, 604.415690048489300
2483, 604.534784715036720
2484, 604.653881749808080
2485, 604.772981150630130
2486, 604.892082915329640
2487, 605.011187041733360
2488, 605.130293527668410
2489, 605.249402370961210
2490, 605.368513569438960
2491, 605.487627120928210
2492, 605.606743023255830
2493, 605.725861274248470
2494, 605.844981871733350
2495, 605.964104813536890
2496, 606.083230097486080
2497, 606.202357721407680
2498, 606.321487683128450
2499, 606.440619980475390
2500, 606.559754611275140
2501, 606.678891573354580
2502, 606.798030864540350
2503, 606.917172482659570
2504, 607.036316425538870
2505, 607.155462691005030
2506, 607.274611276884910
2507, 607.393762181005290
2508, 607.512915401193140
2509, 607.632070935274900
2510, 607.751228781077770
2511, 607.870388936428530
2512, 607.989551399153700
2513, 608.108716167080270
2514, 608.227883238035020
2515, 608.347052609844920
2516, 608.466224280336520
2517, 608.585398247336800
2518, 608.704574508672520
2519, 608.823753062170450
2520, 608.942933905657470
2521, 609.062117036960440
2522, 609.181302453906030
2523, 609.300490154321100
2524, 609.419680136032410
2525, 609.538872396866960
2526, 609.658066934651290
2527, 609.777263747212490
2528, 609.896462832377210
2529, 610.015664187972330
2530, 610.134867811824510
2531, 610.254073701760720
2532, 610.373281855607730
2533, 610.492492271192300
2534, 610.611704946341210
2535, 610.730919878881420
2536, 610.850137066639720
2537, 610.969356507442850
2538, 611.088578199117590
2539, 611.207802139490700
2540, 611.327028326389150
2541, 611.446256757639730
2542, 611.565487431069190
2543, 611.684720344504290
2544, 611.803955495772020
2545, 611.923192882699030
2546, 612.042432503112200
2547, 612.161674354838170
2548, 612.280918435704050
2549, 612.400164743536380
2550, 612.519413276162140
2551, 612.638664031408100
2552, 612.757917007101010
2553, 612.877172201067760
2554, 612.996429611135110
2555, 613.115689235129930
2556, 613.234951070878880
2557, 613.354215116208930
2558, 613.473481368946980
2559, 613.592749826919540
2560, 613.712020487953620
2561, 613.831293349875980
2562, 613.950568410513370
2563, 614.069845667692790
2564, 614.189125119240880
2565, 614.308406762984530
2566, 614.427690596750610
2567, 614.546976618365650
2568, 614.666264825656750
2569, 614.785555216450580
2570, 614.904847788573990
2571, 615.024142539853870
2572, 615.143439468116870
2573, 615.262738571189970
2574, 615.382039846899830
2575, 615.501343293073430
2576, 615.620648907537320
2577, 615.739956688118580
2578, 615.859266632643770
2579, 615.978578738939970
2580, 616.097893004833850
2581, 616.217209428152160
2582, 616.336528006721890
2583, 616.455848738369580
2584, 616.575171620922220
2585, 616.694496652206680
2586, 616.813823830049730
2587, 616.933153152278010
2588, 617.052484616718630
2589, 617.171818221198120
2590, 617.291153963543370
2591, 617.410491841581230
2592, 617.529831853138600
2593, 617.649173996042120
2594, 617.768518268118670
2595, 617.887864667195120
2596, 618.007213191098120
2597, 618.126563837654660
2598, 618.245916604691500
2599, 618.365271490035410
2600, 618.484628491513150
2601, 618.603987606951590
2602, 618.723348834177610
2603, 618.842712171017870
2604, 618.962077615299450
2605, 619.081445164848790
2606, 619.200814817492980
2607, 619.320186571058680
2608, 619.439560423372770
2609, 619.558936372262110
2610, 619.678314415553360
2611, 619.797694551073620
2612, 619.917076776649310
2613, 620.036461090107420
2614, 620.155847489274830
2615, 620.275235971978300
2616, 620.394626536044600
2617, 620.514019179300590
2618, 620.633413899573040
2619, 620.752810694688830
2620, 620.872209562474610
2621, 620.991610500757470
2622, 621.111013507363960
2623, 621.230418580121070
2624, 621.349825716855320
2625, 621.469234915393940
2626, 621.588646173563460
2627, 621.708059489190760
2628, 621.827474860102600
2629, 621.946892284125850
2630, 622.066311759087280
2631, 622.185733282813770
2632, 622.305156853132190
2633, 622.424582467869190
2634, 622.544010124851520
2635, 622.663439821906190
2636, 622.782871556859850
2637, 622.902305327539580
2638, 623.021741131771930
2639, 623.141178967383670
2640, 623.260618832201770
2641, 623.380060724053010
2642, 623.499504640764140
2643, 623.618950580162160
2644, 623.738398540073600
2645, 623.857848518325450
2646, 623.977300512744480
2647, 624.096754521157440
2648, 624.216210541391210
2649, 624.335668571272660
2650, 624.455128608628460
2651, 624.574590651285460
2652, 624.694054697070440
2653, 624.813520743810390
2654, 624.932988789332060
2655, 625.052458831461990
2656, 625.171930868027400
2657, 625.291404896854830
2658, 625.410880915771030
2659, 625.530358922603110
2660, 625.649838915177720
2661, 625.769320891321510
2662, 625.888804848861580
2663, 626.008290785624470
2664, 626.127778699437160
2665, 626.247268588126420
2666, 626.366760449519230
2667, 626.486254281442030
2668, 626.605750081721910
2669, 626.725247848185520
2670, 626.844747578659850
2671, 626.964249270971550
2672, 627.083752922947610
2673, 627.203258532414570
2674, 627.322766097199520
2675, 627.442275615129120
2676, 627.561787084030130
2677, 627.681300501729540
2678, 627.800815866053990
2679, 627.920333174830380
2680, 628.039852425885560
2681, 628.159373617046190
2682, 628.278896746139140
2683, 628.398421810991290
2684, 628.517948809429410
2685, 628.637477739280260
2686, 628.757008598370820
2687, 628.876541384527630
2688, 628.996076095577790
2689, 629.115612729347960
2690, 629.235151283664890
2691, 629.354691756355460
2692, 629.474234145246560
2693, 629.593778448164810
2694, 629.713324662937340
2695, 629.832872787390560
2696, 629.952422819351570
2697, 630.071974756647020
2698, 630.191528597103800
2699, 630.311084338548650
2700, 630.430641978808580
2701, 630.550201515710110
2702, 630.669762947080240
2703, 630.789326270745730
2704, 630.908891484533460
2705, 631.028458586270060
2706, 631.148027573782660
2707, 631.267598444897660
2708, 631.387171197442290
2709, 631.506745829242960
2710, 631.626322338126780
2711, 631.745900721920410
2712, 631.865480978450710
2713, 631.985063105544440
2714, 632.104647101028380
2715, 632.224232962729620
2716, 632.343820688474580
2717, 632.463410276090370
2718, 632.583001723403640
2719, 632.702595028241260
2720, 632.822190188429890
2721, 632.941787201796610
2722, 633.061386066168100
2723, 633.180986779371100
2724, 633.300589339232600
2725, 633.420193743579150
2726, 633.539799990237840
2727, 633.659408077035320
2728, 633.779018001798360
2729, 633.898629762353830
2730, 634.018243356528610
2731, 634.137858782149460
2732, 634.257476037043150
2733, 634.377095119036540
2734, 634.496716025956400
2735, 634.616338755629500
2736, 634.735963305882710
2737, 634.855589674542900
2738, 634.975217859436840
2739, 635.094847858391290
2740, 635.214479669233130
2741, 635.334113289789000
2742, 635.453748717885900
2743, 635.573385951350700
2744, 635.693024988010050
2745, 635.812665825690830
2746, 635.932308462219680
2747, 636.051952895423710
2748, 636.171599123129450
2749, 636.291247143163900
2750, 636.410896953353810
2751, 636.530548551525950
2752, 636.650201935507200
2753, 636.769857103124310
2754, 636.889514052204160
2755, 637.009172780573410
2756, 637.128833286059030
2757, 637.248495566487920
2758, 637.368159619686590
2759, 637.487825443482050
2760, 637.607493035701050
2761, 637.727162394170480
2762, 637.846833516716970
2763, 637.966506401167630
2764, 638.086181045349010
2765, 638.205857447087960
2766, 638.325535604211380
2767, 638.445215514546020
2768, 638.564897175918760
2769, 638.684580586156240
2770, 638.804265743085350
2771, 638.923952644533070
2772, 639.043641288326060
2773, 639.163331672291180
2774, 639.283023794255090
2775, 639.402717652044770
2776, 639.522413243486880
2777, 639.642110566408520
2778, 639.761809618636110
2779, 639.881510397996750
2780, 640.001212902317210
2781, 640.120917129424240
2782, 640.240623077144620
2783, 640.360330743305210
2784, 640.480040125732670
2785, 640.599751222254100
2786, 640.719464030696140
2787, 640.839178548885680
2788, 640.958894774649370
2789, 641.078612705814180
2790, 641.198332340206890
2791, 641.318053675654140
2792, 641.437776709982930
2793, 641.557501441020120
2794, 641.677227866592370
2795, 641.796955984526450
2796, 641.916685792649450
2797, 642.036417288787900
2798, 642.156150470768690
2799, 642.275885336418700
2800, 642.395621883564670
2801, 642.515360110033380
2802, 642.635100013651710
2803, 642.754841592246410
2804, 642.874584843644470
2805, 642.994329765672320
2806, 643.114076356157280
2807, 643.233824612925670
2808, 643.353574533804700
2809, 643.473326116620910
2810, 643.593079359201060
2811, 643.712834259372360
2812, 643.832590814961120
2813, 643.952349023794570
2814, 644.072108883699230
2815, 644.191870392502100
2816, 644.311633548029930
2817, 644.431398348109500
2818, 644.551164790567550
2819, 644.670932873230980
2820, 644.790702593926650
2821, 644.910473950481220
2822, 645.030246940721780
2823, 645.150021562474880
2824, 645.269797813567270
2825, 645.389575691826050
2826, 645.509355195077890
2827, 645.629136321149420
2828, 645.748919067867750
2829, 645.868703433059520
2830, 645.988489414551620
2831, 646.108277010170810
2832, 646.228066217743840
2833, 646.347857035097600
2834, 646.467649460058960
2835, 646.587443490454690
2836, 646.707239124111540
2837, 646.827036358856280
2838, 646.946835192515780
2839, 647.066635622916920
2840, 647.186437647886460
2841, 647.306241265251170
2842, 647.426046472837920
2843, 647.545853268473480
2844, 647.665661649984710
2845, 647.785471615198280
2846, 647.905283161941160
2847, 648.025096288040120
2848, 648.144910991321920
2849, 648.264727269613560
2850, 648.384545120741450
2851, 648.504364542532810
2852, 648.624185532814290
2853, 648.744008089412550
2854, 648.863832210154670
2855, 648.983657892867310
2856, 649.103485135377470
2857, 649.223313935511670
2858, 649.343144291096680
2859, 649.462976199959710
2860, 649.582809659927310
2861, 649.702644668826220
2862, 649.822481224483340
2863, 649.942319324725530
2864, 650.062158967379670
2865, 650.182000150272420
2866, 650.301842871230520
2867, 650.421687128080980
2868, 650.541532918650550
2869, 650.661380240765880
2870, 650.781229092254080
2871, 650.901079470941680
2872, 651.020931374655670
2873, 651.140784801222710
2874, 651.260639748469770
2875, 651.380496214223510
2876, 651.500354196310920
2877, 651.620213692558650
2878, 651.740074700793680
2879, 651.859937218842560
2880, 651.979801244532270
2881, 652.099666775689680
2882, 652.219533810141460
2883, 652.339402345714460
2884, 652.459272380235460
2885, 652.579143911531450
2886, 652.699016937429060
2887, 652.818891455755190
2888, 652.938767464336480
2889, 653.058644961000030
2890, 653.178523943572370
2891, 653.298404409880500
2892, 653.418286357751190
2893, 653.538169785011180
2894, 653.658054689487240
2895, 653.777941069006370
2896, 653.897828921395330
2897, 654.017718244480760
2898, 654.137609036089660
2899, 654.257501294048780
2900, 654.377395016184780
2901, 654.497290200324640
2902, 654.617186844295250
2903, 654.737084945923240
2904, 654.856984503035510
2905, 654.976885513458910
2906, 655.096787975020110
2907, 655.216691885545970
2908, 655.336597242863260
2909, 655.456504044798980
2910, 655.576412289179870
2911, 655.696321973832600
2912, 655.816233096584030
2913, 655.936145655261160
2914, 656.056059647690520
2915, 656.175975071699210
2916, 656.295891925113660
2917, 656.415810205761090
2918, 656.535729911468020
2919, 656.655651040061460
2920, 656.775573589367920
2921, 656.895497557214640
2922, 657.015422941428140
2923, 657.135349739835190
2924, 657.255277950262780
2925, 657.375207570537670
2926, 657.495138598486620
2927, 657.615071031936510
2928, 657.735004868714100
2929, 657.854940106646150
2930, 657.974876743559660
2931, 658.094814777281160
2932, 658.214754205637750
2933, 658.334695026455850
2934, 658.454637237562790
2935, 658.574580836784890
2936, 658.694525821949360
2937, 658.814472190882730
2938, 658.934419941411990
2939, 659.054369071363790
2940, 659.174319578565020
2941, 659.294271460842650
2942, 659.414224716023230
2943, 659.534179341933620
2944, 659.654135336400710
2945, 659.774092697251260
2946, 659.894051422312260
2947, 660.014011509410240
2948, 660.133972956372080
2949, 660.253935761024650
2950, 660.373899921194830
2951, 660.493865434709390
2952, 660.613832299395090
2953, 660.733800513078680
2954, 660.853770073587160
2955, 660.973740978747170
2956, 661.093713226385490
2957, 661.213686814329090
2958, 661.333661740404750
2959, 661.453638002439220
2960, 661.573615598259380
2961, 661.693594525691880
2962, 661.813574782563710
2963, 661.933556366701620
2964, 662.053539275932390
2965, 662.173523508082780
2966, 662.293509060979890
2967, 662.413495932450130
2968, 662.533484120320510
2969, 662.653473622417780
2970, 662.773464436568930
2971, 662.893456560600500
2972, 663.013449992339590
2973, 663.133444729612730
2974, 663.253440770246930
2975, 663.373438112068920
2976, 663.493436752905380
2977, 663.613436690583510
2978, 663.733437922929620
2979, 663.853440447770940
2980, 663.973444262933980
2981, 664.093449366245750
2982, 664.213455755533000
2983, 664.333463428622510
2984, 664.453472383341020
2985, 664.573482617515540
2986, 664.693494128972820
2987, 664.813506915539620
2988, 664.933520975042600
2989, 665.053536305308850
2990, 665.173552904165040
2991, 665.293570769437790
2992, 665.413589898954340
2993, 665.533610290541220
2994, 665.653631942025410
2995, 665.773654851233460
2996, 665.893679015992350
2997, 666.013704434128840
2998, 666.133731103469810
2999, 666.253759021841920
3000, 666.373788187072250
3001, 666.493818596987350
3002, 666.613850249414100
3003, 666.733883142179480
3004, 666.853917273110030
3005, 666.973952640032730
3006, 667.093989240774360
3007, 667.214027073161790
3008, 667.334066135021660
3009, 667.454106424180740
3010, 667.574147938466240
3011, 667.694190675704590
3012, 667.814234633722660
3013, 667.934279810347560
3014, 668.054326203405590
3015, 668.174373810723980
3016, 668.294422630129360
3017, 668.414472659448620
3018, 668.534523896508400
3019, 668.654576339135700
3020, 668.774629985157390
3021, 668.894684832399890
3022, 669.014740878690420
3023, 669.134798121855740
3024, 669.254856559722380
3025, 669.374916190117570
3026, 669.494977010867610
3027, 669.615039019799840
3028, 669.735102214740660
3029, 669.855166593517200
3030, 669.975232153955860
3031, 670.095298893883860
3032, 670.215366811127860
3033, 670.335435903514510
3034, 670.455506168870900
3035, 670.575577605023680
3036, 670.695650209799740
3037, 670.815723981025830
3038, 670.935798916528710
3039, 671.055875014135380
3040, 671.175952271672370
3041, 671.296030686966790
3042, 671.416110257845160
3043, 671.536190982134490
3044, 671.656272857661630
3045, 671.776355882253140
3046, 671.896440053736110
3047, 672.016525369937090
3048, 672.136611828683040
3049, 672.256699427800870
3050, 672.376788165117200
3051, 672.496878038459040
3052, 672.616969045652920
3053, 672.737061184525830
3054, 672.857154452904640
3055, 672.977248848616000
3056, 673.097344369486790
3057, 673.217441013343890
3058, 673.337538778014050
3059, 673.457637661324040
3060, 673.577737661100850
3061, 673.697838775171020
3062, 673.817941001361530
3063, 673.938044337499040
3064, 674.058148781410640
3065, 674.178254330922870
3066, 674.298360983862610
3067, 674.418468738056840
3068, 674.538577591332110
3069, 674.658687541515410
3070, 674.778798586433480
3071, 674.898910723913100
3072, 675.019023951781260
3073, 675.139138267864500
3074, 675.259253669989900
3075, 675.379370155983910
3076, 675.499487723673840
3077, 675.619606370886000
3078, 675.739726095447620
3079, 675.859846895185230
3080, 675.979968767925700
3081, 676.100091711495910
3082, 676.220215723722500
3083, 676.340340802432590
3084, 676.460466945452710
3085, 676.580594150609840
3086, 676.700722415730750
3087, 676.820851738642200
3088, 676.940982117170960
3089, 677.061113549143780
3090, 677.181246032387890
3091, 677.301379564729590
3092, 677.421514143995980
3093, 677.541649768013710
3094, 677.661786434609780
3095, 677.781924141610940
3096, 677.902062886843850
3097, 678.022202668135380
3098, 678.142343483312520
3099, 678.262485330201800
3100, 678.382628206630220
3101, 678.502772110424760
3102, 678.622917039411730
3103, 678.743062991418360
3104, 678.863209964271280
3105, 678.983357955797370
3106, 679.103506963823520
3107, 679.223656986176370
3108, 679.343808020682670
3109, 679.463960065169430
3110, 679.584113117463520
3111, 679.704267175391580
3112, 679.824422236780380
3113, 679.944578299456910
3114, 680.064735361247810
3115, 680.184893419979970
3116, 680.305052473480150
3117, 680.425212519575210
3118, 680.545373556092040
3119, 680.665535580857290
3120, 680.785698591697840
3121, 680.905862586440550
3122, 681.026027562912190
3123, 681.146193518939530
3124, 681.266360452349550
3125, 681.386528360968670
3126, 681.506697242624110
3127, 681.626867095142640
3128, 681.747037916350790
3129, 681.867209704075550
3130, 681.987382456143790
3131, 682.107556170382170
3132, 682.227730844617670
3133, 682.347906476676940
3134, 682.468083064386970
3135, 682.588260605574310
3136, 682.708439098066040
3137, 682.828618539688700
3138, 682.948798928269410
3139, 683.068980261634810
3140, 683.189162537611650
3141, 683.309345754026820
3142, 683.429529908707200
3143, 683.549714999479420
3144, 683.669901024170490
3145, 683.790087980607040
3146, 683.910275866616080
3147, 684.030464680024120
3148, 684.150654418658290
3149, 684.270845080345230
3150, 684.391036662911800
3151, 684.511229164184900
3152, 684.631422581991050
3153, 684.751616914157470
3154, 684.871812158510470
3155, 684.992008312877370
3156, 685.112205375084610
3157, 685.232403342959170
3158, 685.352602214327820
3159, 685.472801987017420
3160, 685.593002658854860
3161, 685.713204227666670
3162, 685.833406691279830
3163, 685.953610047521120
3164, 686.073814294217530
3165, 686.194019429195580
3166, 686.314225450282270
3167, 686.434432355304350
3168, 686.554640142088600
3169, 686.674848808461770
3170, 686.795058352250860
3171, 686.915268771282630
3172, 687.035480063383830
3173, 687.155692226381230
3174, 687.275905258101830
3175, 687.396119156372150
3176, 687.516333919019190
3177, 687.636549543869820
3178, 687.756766028750690
3179, 687.876983371488680
3180, 687.997201569910660
3181, 688.117420621843280
3182, 688.237640525113420
3183, 688.357861277548070
3184, 688.478082876973760
3185, 688.598305321217590
3186, 688.718528608106000
3187, 688.838752735466190
3188, 688.958977701124700
3189, 689.079203502908510
3190, 689.199430138644170
3191, 689.319657606158900
3192, 689.439885903279220
3193, 689.560115027831900
3194, 689.680344977643930
3195, 689.800575750542070
3196, 689.920807344353080
3197, 690.041039756903730
3198, 690.161272986021000
3199, 690.281507029531670
3200, 690.401741885262250
3201, 690.521977551039980
3202, 690.642214024691380
3203, 690.762451304043220
3204, 690.882689386922610
3205, 691.002928271156180
3206, 691.123167954570700
3207, 691.243408434993060
3208, 691.363649710250000
3209, 691.483891778168410
3210, 691.604134636575050
3211, 691.724378283296800
3212, 691.844622716160300
3213, 691.964867932992550
3214, 692.085113931620300
3215, 692.205360709870320
3216, 692.325608265569370
3217, 692.445856596544440
3218, 692.566105700622070
3219, 692.686355575629480
3220, 692.806606219392960
3221, 692.926857629739740
3222, 693.047109804496590
3223, 693.167362741490020
3224, 693.287616438547160
3225, 693.407870893494650
3226, 693.528126104159360
3227, 693.648382068368160
3228, 693.768638783947720
3229, 693.888896248724900
3230, 694.009154460526590
3231, 694.129413417179420
3232, 694.249673116510390
3233, 694.369933556346270
3234, 694.490194734513920
3235, 694.610456648840000
3236, 694.730719297151270
3237, 694.850982677274830
3238, 694.971246787037220
3239, 695.091511624265420
3240, 695.211777186786090
3241, 695.332043472426220
3242, 695.452310479012340
3243, 695.572578204371670
3244, 695.692846646330740
3245, 695.813115802716310
3246, 695.933385671355380
3247, 696.053656250074710
3248, 696.173927536701060
3249, 696.294199529061190
3250, 696.414472224981980
3251, 696.534745622290300
3252, 696.655019718812810
3253, 696.775294512376600
3254, 696.895570000808110
3255, 697.015846181934420
3256, 697.136123053582200
3257, 697.256400613578310
3258, 697.376678859749520
3259, 697.496957789922700
3260, 697.617237401924740
3261, 697.737517693582280
3262, 697.857798662722190
3263, 697.978080307171240
3264, 698.098362624756420
3265, 698.218645613304370
3266, 698.338929270641980
3267, 698.459213594595890
3268, 698.579498582993210
3269, 698.699784233660470
3270, 698.820070544424650
3271, 698.940357513112530
3272, 699.060645137550750
3273, 699.180933415566410
3274, 699.301222344986170
3275, 699.421511923636670
3276, 699.541802149345130
3277, 699.662093019938080
3278, 699.782384533242290
3279, 699.902676687084750
3280, 700.022969479291990
3281, 700.143262907691220
3282, 700.263556970108990
3283, 700.383851664372170
3284, 700.504146988307530
3285, 700.624442939741930
3286, 700.744739516502250
3287, 700.865036716415030
3288, 700.985334537307380
3289, 701.105632977005940
3290, 701.225932033337590
3291, 701.346231704129200
3292, 701.466531987207420
3293, 701.586832880399020
3294, 701.707134381531090
3295, 701.827436488430290
3296, 701.947739198923500
3297, 702.068042510837360
3298, 702.188346421998740
3299, 702.308650930234530
3300, 702.428956033371380
3301, 702.549261729236380
3302, 702.669568015656180
3303, 702.789874890457440
3304, 702.910182351467260
3305, 703.030490396512280
3306, 703.150799023419270
3307, 703.271108230015220
3308, 703.391418014126880
3309, 703.511728373580810
3310, 703.632039306204210
3311, 703.752350809823610
3312, 703.872662882265900
3313, 703.992975521357830
3314, 704.113288724926410
3315, 704.233602490798380
3316, 704.353916816800390
3317, 704.474231700759220
3318, 704.594547140502070
3319, 704.714863133855370
3320, 704.835179678646000
3321, 704.955496772700940
3322, 705.075814413846840
3323, 705.196132599910580
3324, 705.316451328718930
3325, 705.436770598098750
3326, 705.557090405876810
3327, 705.677410749879870
3328, 705.797731627934810
3329, 705.918053037868500
3330, 706.038374977507600
3331, 706.158697444679090
3332, 706.279020437209510
3333, 706.399343952925960
3334, 706.519667989655200
3335, 706.639992545224000
3336, 706.760317617459010
3337, 706.880643204187210
3338, 707.000969303235480
3339, 707.121295912430470
3340, 707.241623029599170
3341, 707.361950652568110
3342, 707.482278779164290
3343, 707.602607407214580
3344, 707.722936534545620
3345, 707.843266158984310
3346, 707.963596278357500
3347, 708.083926890491970
3348, 708.204257993214470
3349, 708.324589584351880
3350, 708.444921661731090
3351, 708.565254223178730
3352, 708.685587266521680
3353, 708.805920789586710
3354, 708.926254790200570
3355, 709.046589266190490
3356, 709.166924215382780
3357, 709.287259635604410
3358, 709.407595524682280
3359, 709.527931880443130
3360, 709.648268700713740
3361, 709.768605983321090
3362, 709.888943726091840
3363, 710.009281926852740
3364, 710.129620583430660
3365, 710.249959693652500
3366, 710.370299255345000
3367, 710.490639266334940
3368, 710.610979724449180
3369, 710.731320627514610
3370, 710.851661973357750
3371, 710.972003759805830
3372, 711.092345984685270
3373, 711.212688645823050
3374, 711.333031741046060
3375, 711.453375268180930
3376, 711.573719225054670
3377, 711.694063609493920
3378, 711.814408419325670
3379, 711.934753652376460
3380, 712.055099306473490
3381, 712.175445379443090
3382, 712.295791869112460
3383, 712.416138773308150
3384, 712.536486089857250
3385, 712.656833816586300
3386, 712.777181951322290
3387, 712.897530491891980
3388, 713.017879436122030
3389, 713.138228781839420
3390, 713.258578526871130
3391, 713.378928669043490
3392, 713.499279206183700
3393, 713.619630136118530
3394, 713.739981456674630
3395, 713.860333165678870
3396, 713.980685260958130
3397, 714.101037740339170
3398, 714.221390601648860
3399, 714.341743842713870
3400, 714.462097461361170
3401, 714.582451455417410
3402, 714.702805822709480
3403, 714.823160561064360
3404, 714.943515668308580
3405, 715.063871142269140
3406, 715.184226980772790
3407, 715.304583181646190
3408, 715.424939742716330
3409, 715.545296661810080
3410, 715.665653936754100
3411, 715.786011565375250
3412, 715.906369545500410
3413, 716.026727874956120
3414, 716.147086551569600
3415, 716.267445573167380
3416, 716.387804937576330
3417, 716.508164642623340
3418, 716.628524686135050
3419, 716.748885065938340
3420, 716.869245779860190
3421, 716.989606825727260
3422, 717.109968201366430
3423, 717.230329904604330
3424, 717.350691933267970
3425, 717.471054285183980
3426, 717.591416958179480
3427, 717.711779950080880
3428, 717.832143258715290
3429, 717.952506881909360
3430, 718.072870817489960
3431, 718.193235063283960
3432, 718.313599617118140
3433, 718.433964476819260
3434, 718.554329640214060
3435, 718.674695105129560
3436, 718.795060869392390
3437, 718.915426930829430
3438, 719.035793287267550
3439, 719.156159936533410
3440, 719.276526876453890
3441, 719.396894104855850
3442, 719.517261619566170
3443, 719.637629418411280
3444, 719.757997499218620
3445, 719.878365859814380
3446, 719.998734498025670
3447, 720.119103411679360
3448, 720.239472598602110
3449, 720.359842056620890
3450, 720.480211783562250
3451, 720.600581777253180
3452, 720.720952035520440
3453, 720.841322556191020
3454, 720.961693337091450
3455, 721.082064376048720
3456, 721.202435670889600
3457, 721.322807219440850
3458, 721.443179019529450
3459, 721.563551068981950
3460, 721.683923365625330
3461, 721.804295907286360
3462, 721.924668691791910
3463, 722.045041716968630
3464, 722.165414980643620
3465, 722.285788480643300
3466, 722.406162214794680
3467, 722.526536180924720
3468, 722.646910376859980
3469, 722.767284800427430
3470, 722.887659449453850
3471, 723.008034321765990
3472, 723.128409415190620
3473, 723.248784727554720
3474, 723.369160256684950
3475, 723.489536000408180
3476, 723.609911956551290
3477, 723.730288122941030
3478, 723.850664497404070
3479, 723.971041077767500
3480, 724.091417861857850
3481, 724.211794847502230
3482, 724.332172032527070
3483, 724.452549414759460
3484, 724.572926992026170
3485, 724.693304762153960
3486, 724.813682722969820
3487, 724.934060872300280
3488, 725.054439207972220
3489, 725.174817727812520
3490, 725.295196429648060
3491, 725.415575311305470
3492, 725.535954370611760
3493, 725.656333605393460
3494, 725.776713013477770
3495, 725.897092592691140
3496, 726.017472340860650
3497, 726.137852255812730
3498, 726.258232335374710
3499, 726.378612577373020
3500, 726.498992979634640
3501, 726.619373539986330
3502, 726.739754256254860
3503, 726.860135126267100
3504, 726.980516147849810
3505, 727.100897318829880
3506, 727.221278637033950
3507, 727.341660100289120
3508, 727.462041706422040
3509, 727.582423453259370
3510, 727.702805338628200
3511, 727.823187360355060
3512, 727.943569516266960
3513, 728.063951804190760
3514, 728.184334221952890
3515, 728.304716767380680
3516, 728.425099438300660
3517, 728.545482232539600
3518, 728.665865147924480
3519, 728.786248182281950
3520, 728.906631333438900
3521, 729.027014599222180
3522, 729.147397977458470
3523, 729.267781465974620
3524, 729.388165062597640
3525, 729.508548765154050
3526, 729.628932571470730
3527, 729.749316479374670
3528, 729.869700486692520
3529, 729.990084591251160
3530, 730.110468790877350
3531, 730.230853083397960
3532, 730.351237466639650
3533, 730.471621938429510
3534, 730.592006496593970
3535, 730.712391138960130
3536, 730.832775863354750
3537, 730.953160667604610
3538, 731.073545549536680
3539, 731.193930506977380
3540, 731.314315537753830
3541, 731.434700639692780
3542, 731.555085810620990
3543, 731.675471048365350
3544, 731.795856350752730
3545, 731.916241715609660
3546, 732.036627140763130
3547, 732.157012624040140
3548, 732.277398163267090
3549, 732.397783756271110
3550, 732.518169400878830
3551, 732.638555094917250
3552, 732.758940836213010
3553, 732.879326622593000
3554, 732.999712451883850
3555, 733.120098321912790
3556, 733.240484230506240
3557, 733.360870175491190
3558, 733.481256154694390
3559, 733.601642165942620
3560, 733.722028207062750
3561, 733.842414275881540
3562, 733.962800370225980
3563, 734.083186487922600
3564, 734.203572626798400
3565, 734.323958784680030
3566, 734.444344959394470
3567, 734.564731148768490
3568, 734.685117350628840
3569, 734.805503562802410
3570, 734.925889783115960
3571, 735.046276009396250
3572, 735.166662239470270
3573, 735.287048471164550
3574, 735.407434702306090
3575, 735.527820930721650
3576, 735.648207154238210
3577, 735.768593370682310
3578, 735.888979577880950
3579, 736.009365773660870
3580, 736.129751955848860
3581, 736.250138122271660
3582, 736.370524270756280
3583, 736.490910399129350
3584, 736.611296505217750
3585, 736.731682586848360
3586, 736.852068641847840
3587, 736.972454668043160
3588, 737.092840663261090
3589, 737.213226625328390
3590, 737.333612552071830
3591, 737.453998441318160
3592, 737.574384290894500
3593, 737.694770098627370
3594, 737.815155862343770
3595, 737.935541579870230
3596, 738.055927249033970
3597, 738.176312867661410
3598, 738.296698433579650
3599, 738.417083944615340
3600, 738.537469398595250
3601, 738.657854793346360
3602, 738.778240126695210
3603, 738.898625396469010
3604, 739.019010600494310
3605, 739.139395736597860
3606, 739.259780802606660
3607, 739.380165796347460
3608, 739.500550715647020
3609, 739.620935558332120
3610, 739.741320322229630
3611, 739.861705005166410
3612, 739.982089604969130
3613, 740.102474119464660
3614, 740.222858546479980
3615, 740.343242883841640
3616, 740.463627129376620
3617, 740.584011280911680
3618, 740.704395336273590
3619, 740.824779293289110
3620, 740.945163149785340
3621, 741.065546903588710
3622, 741.185930552526320
3623, 741.306314094424810
3624, 741.426697527111060
3625, 741.547080848411950
3626, 741.667464056154020
3627, 741.787847148164470
3628, 741.908230122269740
3629, 742.028612976296930
3630, 742.148995708072680
3631, 742.269378315423860
3632, 742.389760796177370
3633, 742.510143148159730
3634, 742.630525369198040
3635, 742.750907457119070
3636, 742.871289409749470
3637, 742.991671224916220
3638, 743.112052900446090
3639, 743.232434434165730
3640, 743.352815823902120
3641, 743.473197067482260
3642, 743.593578162732460
3643, 743.713959107479920
3644, 743.834339899551310
3645, 743.954720536773490
3646, 744.075101016973240
3647, 744.195481337977300
